domain,rule,agency,start,slope,lo,hi,verdict
WNP basin,all SIDs,raw total,1951,-0.18770825620140688,-0.09671676492324957,0.09671676492324957,-
WNP basin,all SIDs,raw total,1952,-0.19779407035822238,-0.09739763396927888,0.09739763396927888,-
WNP basin,all SIDs,raw total,1953,-0.20248155600268275,-0.09899849794754219,0.09899849794754219,-
WNP basin,all SIDs,raw total,1954,-0.21354212229901146,-0.09783145185241718,0.09783145185241718,-
WNP basin,all SIDs,raw total,1955,-0.22531969309462915,-0.0979519024107492,0.0979519024107492,-
WNP basin,all SIDs,raw total,1956,-0.23128602511737986,-0.10018273130523796,0.10018273130523796,-
WNP basin,all SIDs,raw total,1957,-0.2347753212546891,-0.10250839001953219,0.10250839001953219,-
WNP basin,all SIDs,raw total,1958,-0.257843648888425,-0.09979189669944752,0.09979189669944752,-
WNP basin,all SIDs,raw total,1959,-0.2611013986013986,-0.10221331304545467,0.10221331304545467,-
WNP basin,all SIDs,raw total,1960,-0.2761904761904762,-0.10472013163084552,0.10472013163084552,-
WNP basin,all SIDs,raw total,1961,-0.27390552995391704,-0.10791886318595698,0.10791886318595698,-
WNP basin,all SIDs,raw total,1962,-0.2582659716451361,-0.11024638754412419,0.11024638754412419,-
WNP basin,all SIDs,raw total,1963,-0.2602855631940772,-0.11372780611646859,0.11372780611646859,-
WNP basin,all SIDs,raw total,1964,-0.26885245901639343,-0.11961200384048447,0.11961200384048447,-
WNP basin,all SIDs,raw total,1965,-0.25856224430157804,-0.12001333411190514,0.12001333411190514,-
WNP basin,all SIDs,raw total,1966,-0.24307114952782308,-0.11933109966896828,0.11933109966896828,-
WNP basin,all SIDs,raw total,1967,-0.23295307233601245,-0.11890833957435513,0.11890833957435513,-
WNP basin,all SIDs,raw total,1968,-0.20762132604237868,-0.11538085704902952,0.11538085704902952,-
WNP basin,all SIDs,raw total,1969,-0.20122655122655123,-0.12121370698959578,0.12121370698959578,-
WNP basin,all SIDs,raw total,1970,-0.21463693539165238,-0.13308788220947473,0.13308788220947473,-
WNP basin,all SIDs,raw total,1971,-0.18996935978068052,-0.11724625555845258,0.11724625555845258,-
WNP basin,all SIDs,raw total,1972,-0.15060189532997525,-0.10691045488043875,0.10691045488043875,-
WNP basin,all SIDs,raw total,1973,-0.1460633484162896,-0.1125680822815112,0.1125680822815112,-
WNP basin,all SIDs,raw total,1974,-0.16264105642256904,-0.12086166190799612,0.12086166190799612,-
WNP basin,all SIDs,raw total,1975,-0.14775510204081632,-0.12696856109884505,0.12696856109884505,-
WNP basin,all SIDs,raw total,1976,-0.15713200173686495,-0.12999623866701984,0.12999623866701984,-
WNP basin,all SIDs,raw total,1977,-0.17009713228492138,-0.13017580034508724,0.13017580034508724,-
WNP basin,all SIDs,raw total,1978,-0.19303114400246685,-0.14121882296729138,0.14121882296729138,-
WNP basin,all SIDs,raw total,1979,-0.1761528326745718,-0.14542552575828296,0.14542552575828296,-
WNP basin,all SIDs,raw total,1980,-0.17533474277660324,-0.15278395016826615,0.15278395016826615,-
WNP basin,all SIDs,raw total,1981,-0.1904258532165509,-0.15785562279476653,0.15785562279476653,-
WNP basin,all SIDs,raw total,1982,-0.1966615347216595,-0.16360965145371528,0.16360965145371528,-
WNP basin,all SIDs,raw total,1983,-0.22874564459930313,-0.15222567166558745,0.15222567166558745,-
WNP basin,all SIDs,raw total,1984,-0.26116322701688555,-0.14808945824621417,0.14808945824621417,-
WNP basin,all SIDs,raw total,1985,-0.27753036437246964,-0.15399588661638547,0.15399588661638547,-
WNP basin,all SIDs,raw total,1986,-0.28263486158223,-0.1622030850890346,0.1622030850890346,-
WNP basin,all SIDs,raw total,1987,-0.28733997155049784,-0.16949747030153195,0.16949747030153195,-
WNP basin,all SIDs,raw total,1988,-0.3296010296010296,-0.1683461240615242,0.1683461240615242,-
WNP basin,all SIDs,raw total,1989,-0.33753501400560226,-0.1799163689643034,0.1799163689643034,-
WNP basin,all SIDs,raw total,1990,-0.32375859434682963,-0.19043897016730899,0.19043897016730899,-
WNP basin,all SIDs,raw total,1991,-0.3282085561497326,-0.2019567750073083,0.2019567750073083,-
WNP basin,all SIDs,raw total,1992,-0.34365835777126097,-0.21655071604191037,0.21655071604191037,-
WNP basin,all SIDs,raw total,1993,-0.3342741935483871,-0.22978865900065118,0.22978865900065118,-
WNP basin,all SIDs,raw total,1994,-0.32057842046718577,-0.23985015330252699,0.23985015330252699,-
WNP basin,all SIDs,raw total,1995,-0.2645320197044335,-0.24456501425101562,0.24456501425101562,-
WNP basin,all SIDs,raw total,1996,-0.2649151614668856,-0.26931295093126845,0.26931295093126845,0
WNP basin,all SIDs,raw total,1997,-0.152014652014652,-0.22856844703328946,0.22856844703328946,0
WNP basin,all SIDs,raw total,1998,-0.13880341880341882,-0.24877614701128706,0.24877614701128706,0
WNP basin,all SIDs,raw total,1999,-0.17076923076923076,-0.2806555581496952,0.2806555581496952,0
WNP basin,all SIDs,raw total,2000,-0.1334782608695652,-0.28898404794110205,0.28898404794110205,0
WNP basin,all SIDs,all four,1951,-0.14988275947180058,-0.08949268081419566,0.08949268081419566,-
WNP basin,all SIDs,all four,1952,-0.16107145154029198,-0.08918144442129732,0.08918144442129732,-
WNP basin,all SIDs,all four,1953,-0.16700201207243462,-0.08996892494339435,0.08996892494339435,-
WNP basin,all SIDs,all four,1954,-0.17821712886011723,-0.08894049201097742,0.08894049201097742,-
WNP basin,all SIDs,all four,1955,-0.1876507124588966,-0.0900676323880026,0.0900676323880026,-
WNP basin,all SIDs,all four,1956,-0.191109669046074,-0.092543766079628,0.092543766079628,-
WNP basin,all SIDs,all four,1957,-0.19327160986511294,-0.09513152332113989,0.09513152332113989,-
WNP basin,all SIDs,all four,1958,-0.21354764638346727,-0.09186256103502934,0.09186256103502934,-
WNP basin,all SIDs,all four,1959,-0.21958041958041957,-0.09287546577217093,0.09287546577217093,-
WNP basin,all SIDs,all four,1960,-0.23331043956043956,-0.09462681812822869,0.09462681812822869,-
WNP basin,all SIDs,all four,1961,-0.23267089093701998,-0.09780449866962675,0.09780449866962675,-
WNP basin,all SIDs,all four,1962,-0.222079524564982,-0.10027663280599125,0.10027663280599125,-
WNP basin,all SIDs,all four,1963,-0.2231623479640402,-0.1036002988468446,0.1036002988468446,-
WNP basin,all SIDs,all four,1964,-0.23584328980272298,-0.10827047031456062,0.10827047031456062,-
WNP basin,all SIDs,all four,1965,-0.22840444184687317,-0.11108944311316263,0.11108944311316263,-
WNP basin,all SIDs,all four,1966,-0.2251991756129072,-0.11472578500761449,0.11472578500761449,-
WNP basin,all SIDs,all four,1967,-0.22122115633912368,-0.11793435340622936,0.11793435340622936,-
WNP basin,all SIDs,all four,1968,-0.19688995215311006,-0.11630571184221586,0.11630571184221586,-
WNP basin,all SIDs,all four,1969,-0.19365079365079366,-0.12177098415735717,0.12177098415735717,-
WNP basin,all SIDs,all four,1970,-0.20850009529254812,-0.13350708550428822,0.13350708550428822,-
WNP basin,all SIDs,all four,1971,-0.1854539590388647,-0.11941866342041255,0.11941866342041255,-
WNP basin,all SIDs,all four,1972,-0.14565013233159738,-0.10859965077880977,0.10859965077880977,-
WNP basin,all SIDs,all four,1973,-0.14063348416289592,-0.11440811752563507,0.11440811752563507,-
WNP basin,all SIDs,all four,1974,-0.15668667466986794,-0.12304827618239494,0.12304827618239494,-
WNP basin,all SIDs,all four,1975,-0.14122448979591837,-0.12907989728186914,0.12907989728186914,-
WNP basin,all SIDs,all four,1976,-0.14996743378202346,-0.13250937723456216,0.13250937723456216,-
WNP basin,all SIDs,all four,1977,-0.1622340425531915,-0.1333212255701202,0.1333212255701202,-
WNP basin,all SIDs,all four,1978,-0.18439716312056736,-0.14511926630717345,0.14511926630717345,-
WNP basin,all SIDs,all four,1979,-0.16666666666666666,-0.15007478864179313,0.15007478864179313,-
WNP basin,all SIDs,all four,1980,-0.16807610993657504,-0.1571296811522853,0.1571296811522853,-
WNP basin,all SIDs,all four,1981,-0.18242222893385684,-0.16280888813447295,0.16280888813447295,-
WNP basin,all SIDs,all four,1982,-0.18782918726197229,-0.1694012062063836,0.1694012062063836,-
WNP basin,all SIDs,all four,1983,-0.21898954703832751,-0.15779444651577898,0.15779444651577898,-
WNP basin,all SIDs,all four,1984,-0.25422138836772984,-0.15075664312877407,0.15075664312877407,-
WNP basin,all SIDs,all four,1985,-0.2738866396761134,-0.15617556725903775,0.15617556725903775,-
WNP basin,all SIDs,all four,1986,-0.2785862785862786,-0.16428662880090014,0.16428662880090014,-
WNP basin,all SIDs,all four,1987,-0.28733997155049784,-0.16949747030153195,0.16949747030153195,-
WNP basin,all SIDs,all four,1988,-0.3296010296010296,-0.1683461240615242,0.1683461240615242,-
WNP basin,all SIDs,all four,1989,-0.33753501400560226,-0.1799163689643034,0.1799163689643034,-
WNP basin,all SIDs,all four,1990,-0.32375859434682963,-0.19043897016730899,0.19043897016730899,-
WNP basin,all SIDs,all four,1991,-0.3282085561497326,-0.2019567750073083,0.2019567750073083,-
WNP basin,all SIDs,all four,1992,-0.34365835777126097,-0.21655071604191037,0.21655071604191037,-
WNP basin,all SIDs,all four,1993,-0.3342741935483871,-0.22978865900065118,0.22978865900065118,-
WNP basin,all SIDs,all four,1994,-0.32057842046718577,-0.23985015330252699,0.23985015330252699,-
WNP basin,all SIDs,all four,1995,-0.2645320197044335,-0.24456501425101562,0.24456501425101562,-
WNP basin,all SIDs,all four,1996,-0.2649151614668856,-0.26931295093126845,0.26931295093126845,0
WNP basin,all SIDs,all four,1997,-0.152014652014652,-0.22856844703328946,0.22856844703328946,0
WNP basin,all SIDs,all four,1998,-0.13880341880341882,-0.24877614701128706,0.24877614701128706,0
WNP basin,all SIDs,all four,1999,-0.17076923076923076,-0.2806555581496952,0.2806555581496952,0
WNP basin,all SIDs,all four,2000,-0.1334782608695652,-0.28898404794110205,0.28898404794110205,0
WNP basin,all SIDs,JMA+JTWC+CMA,1951,-0.14075033938047637,-0.0867702889707193,0.0867702889707193,-
WNP basin,all SIDs,JMA+JTWC+CMA,1952,-0.1511029648208888,-0.08685767277026293,0.08685767277026293,-
WNP basin,all SIDs,JMA+JTWC+CMA,1953,-0.1561368209255533,-0.0879807969426731,0.0879807969426731,-
WNP basin,all SIDs,JMA+JTWC+CMA,1954,-0.16638964220103228,-0.08746910458846514,0.08746910458846514,-
WNP basin,all SIDs,JMA+JTWC+CMA,1955,-0.17478991596638654,-0.08900398230770995,0.08900398230770995,-
WNP basin,all SIDs,JMA+JTWC+CMA,1956,-0.17713860365690728,-0.09161849242859926,0.09161849242859926,-
WNP basin,all SIDs,JMA+JTWC+CMA,1957,-0.17810679224199857,-0.09479151503135441,0.09479151503135441,-
WNP basin,all SIDs,JMA+JTWC+CMA,1958,-0.1970984239640956,-0.0926233607366225,0.0926233607366225,-
WNP basin,all SIDs,JMA+JTWC+CMA,1959,-0.20174825174825176,-0.09429887337034079,0.09429887337034079,-
WNP basin,all SIDs,JMA+JTWC+CMA,1960,-0.21398809523809523,-0.09691208423338112,0.09691208423338112,-
WNP basin,all SIDs,JMA+JTWC+CMA,1961,-0.21174155145929338,-0.09980523927562986,0.09980523927562986,-
WNP basin,all SIDs,JMA+JTWC+CMA,1962,-0.2057616277605701,-0.10397103600663783,0.10397103600663783,-
WNP basin,all SIDs,JMA+JTWC+CMA,1963,-0.213590692755156,-0.1052608183205725,0.1052608183205725,-
WNP basin,all SIDs,JMA+JTWC+CMA,1964,-0.2252570158377327,-0.10794311462113357,0.10794311462113357,-
WNP basin,all SIDs,JMA+JTWC+CMA,1965,-0.22548217416715371,-0.11176154776132544,0.11176154776132544,-
WNP basin,all SIDs,JMA+JTWC+CMA,1966,-0.22350733642991172,-0.11557524352983652,0.11557524352983652,-
WNP basin,all SIDs,JMA+JTWC+CMA,1967,-0.21901737101374125,-0.11855995351282349,0.11855995351282349,-
WNP basin,all SIDs,JMA+JTWC+CMA,1968,-0.19412166780587833,-0.11737613281645369,0.11737613281645369,-
WNP basin,all SIDs,JMA+JTWC+CMA,1969,-0.19227994227994227,-0.1225556751459448,0.1225556751459448,-
WNP basin,all SIDs,JMA+JTWC+CMA,1970,-0.20659424433009338,-0.13370031918963726,0.13370031918963726,-
WNP basin,all SIDs,JMA+JTWC+CMA,1971,-0.1851314304144493,-0.12118180508609669,0.12118180508609669,-
WNP basin,all SIDs,JMA+JTWC+CMA,1972,-0.14483906770255273,-0.10965783083647324,0.10965783083647324,-
WNP basin,all SIDs,JMA+JTWC+CMA,1973,-0.1392760180995475,-0.11561058834609027,0.11561058834609027,-
WNP basin,all SIDs,JMA+JTWC+CMA,1974,-0.15471788715486195,-0.12464440363698334,0.12464440363698334,-
WNP basin,all SIDs,JMA+JTWC+CMA,1975,-0.13857142857142857,-0.13054185144387537,0.13054185144387537,-
WNP basin,all SIDs,JMA+JTWC+CMA,1976,-0.14654798089448545,-0.13402700561805506,0.13402700561805506,-
WNP basin,all SIDs,JMA+JTWC+CMA,1977,-0.16073080481036078,-0.13393872138590784,0.13393872138590784,-
WNP basin,all SIDs,JMA+JTWC+CMA,1978,-0.18217699660807893,-0.14475228152587083,0.14475228152587083,-
WNP basin,all SIDs,JMA+JTWC+CMA,1979,-0.16666666666666666,-0.1508839080640516,0.1508839080640516,-
WNP basin,all SIDs,JMA+JTWC+CMA,1980,-0.17061310782241015,-0.15732261586529714,0.15732261586529714,-
WNP basin,all SIDs,JMA+JTWC+CMA,1981,-0.18453639383871942,-0.1632077062103403,0.1632077062103403,-
WNP basin,all SIDs,JMA+JTWC+CMA,1982,-0.18944980147475893,-0.17012038056014703,0.17012038056014703,-
WNP basin,all SIDs,JMA+JTWC+CMA,1983,-0.22003484320557493,-0.1592457908608863,0.1592457908608863,-
WNP basin,all SIDs,JMA+JTWC+CMA,1984,-0.2545966228893058,-0.1530149414180453,0.1530149414180453,-
WNP basin,all SIDs,JMA+JTWC+CMA,1985,-0.27348178137651824,-0.15786750112447667,0.15786750112447667,-
WNP basin,all SIDs,JMA+JTWC+CMA,1986,-0.2815406499617026,-0.16518814115249708,0.16518814115249708,-
WNP basin,all SIDs,JMA+JTWC+CMA,1987,-0.29421526789947844,-0.16816873862235346,0.16816873862235346,-
WNP basin,all SIDs,JMA+JTWC+CMA,1988,-0.3362934362934363,-0.1670986465231953,0.1670986465231953,-
WNP basin,all SIDs,JMA+JTWC+CMA,1989,-0.34397759103641457,-0.17855542734814106,0.17855542734814106,-
WNP basin,all SIDs,JMA+JTWC+CMA,1990,-0.32987012987012987,-0.18890431749371447,0.18890431749371447,-
WNP basin,all SIDs,JMA+JTWC+CMA,1991,-0.3338903743315508,-0.20041125481834,0.20041125481834,-
WNP basin,all SIDs,JMA+JTWC+CMA,1992,-0.3487903225806452,-0.21391526511042533,0.21391526511042533,-
WNP basin,all SIDs,JMA+JTWC+CMA,1993,-0.34516129032258064,-0.22818590881756864,0.22818590881756864,-
WNP basin,all SIDs,JMA+JTWC+CMA,1994,-0.3314794215795328,-0.23812506506138828,0.23812506506138828,-
WNP basin,all SIDs,JMA+JTWC+CMA,1995,-0.27536945812807884,-0.24271293069929523,0.24271293069929523,-
WNP basin,all SIDs,JMA+JTWC+CMA,1996,-0.27558839627805143,-0.26656198878792836,0.26656198878792836,-
WNP basin,all SIDs,JMA+JTWC+CMA,1997,-0.1623931623931624,-0.22533436847225158,0.22533436847225158,0
WNP basin,all SIDs,JMA+JTWC+CMA,1998,-0.14871794871794872,-0.24519164453686876,0.24519164453686876,0
WNP basin,all SIDs,JMA+JTWC+CMA,1999,-0.18,-0.27631111908041495,0.27631111908041495,0
WNP basin,all SIDs,JMA+JTWC+CMA,2000,-0.14173913043478262,-0.2836457441703563,0.2836457441703563,0
WNP basin,all SIDs,JMA,1951,-0.04961125509070714,-0.06219316458653998,0.06219316458653998,0
WNP basin,all SIDs,JMA,1952,-0.057688597337449354,-0.06284507575159709,0.06284507575159709,0
WNP basin,all SIDs,JMA,1953,-0.059154929577464786,-0.06441880617239663,0.06441880617239663,0
WNP basin,all SIDs,JMA,1954,-0.06564605021432945,-0.06409916402424422,0.06409916402424422,-
WNP basin,all SIDs,JMA,1955,-0.07519181585677749,-0.06470123987207015,0.06470123987207015,-
WNP basin,all SIDs,JMA,1956,-0.07628736114822308,-0.06646987211028053,0.06646987211028053,-
WNP basin,all SIDs,JMA,1957,-0.08552158991140554,-0.06512250559677461,0.06512250559677461,-
WNP basin,all SIDs,JMA,1958,-0.09550151341196117,-0.06671967497589207,0.06671967497589207,-
WNP basin,all SIDs,JMA,1959,-0.09331293706293706,-0.06939641892154391,0.06939641892154391,-
WNP basin,all SIDs,JMA,1960,-0.10267857142857142,-0.0701529898649309,0.0701529898649309,-
WNP basin,all SIDs,JMA,1961,-0.10512672811059907,-0.07224766458923992,0.07224766458923992,-
WNP basin,all SIDs,JMA,1962,-0.10765279141799501,-0.07465496142871872,0.07465496142871872,-
WNP basin,all SIDs,JMA,1963,-0.10698043363299842,-0.07738730509542964,0.07738730509542964,-
WNP basin,all SIDs,JMA,1964,-0.1162267296471242,-0.08066961756926273,0.08066961756926273,-
WNP basin,all SIDs,JMA,1965,-0.11046171829339567,-0.08250556959568299,0.08250556959568299,-
WNP basin,all SIDs,JMA,1966,-0.10569380786859024,-0.08415606857309375,0.08415606857309375,-
WNP basin,all SIDs,JMA,1967,-0.09456831734508686,-0.08141441473478386,0.08141441473478386,-
WNP basin,all SIDs,JMA,1968,-0.07423103212576897,-0.08095518792298693,0.08095518792298693,0
WNP basin,all SIDs,JMA,1969,-0.07568542568542569,-0.08356150331114703,0.08356150331114703,0
WNP basin,all SIDs,JMA,1970,-0.0939203354297694,-0.08140062187947371,0.08140062187947371,-
WNP basin,all SIDs,JMA,1971,-0.10103209159812933,-0.08772913773900458,0.08772913773900458,-
WNP basin,all SIDs,JMA,1972,-0.07935627081021088,-0.08231814640801216,0.08231814640801216,0
WNP basin,all SIDs,JMA,1973,-0.06895927601809955,-0.08761489492316009,0.08761489492316009,0
WNP basin,all SIDs,JMA,1974,-0.08403361344537816,-0.09503204290366901,0.09503204290366901,0
WNP basin,all SIDs,JMA,1975,-0.0676530612244898,-0.1014494795630806,0.1014494795630806,0
WNP basin,all SIDs,JMA,1976,-0.0808727746417716,-0.10368689451181562,0.10368689451181562,0
WNP basin,all SIDs,JMA,1977,-0.0845282146160962,-0.10720142203762076,0.10720142203762076,0
WNP basin,all SIDs,JMA,1978,-0.10292938637064447,-0.1140174773718111,0.1140174773718111,0
WNP basin,all SIDs,JMA,1979,-0.0932806324110672,-0.12087100311083115,0.12087100311083115,0
WNP basin,all SIDs,JMA,1980,-0.10415785764622974,-0.12347343976763084,0.12347343976763084,0
WNP basin,all SIDs,JMA,1981,-0.11627906976744186,-0.12986594976695956,0.12986594976695956,0
WNP basin,all SIDs,JMA,1982,-0.11238959565675391,-0.1370190922522359,0.1370190922522359,0
WNP basin,all SIDs,JMA,1983,-0.12212543554006969,-0.14072444610571347,0.14072444610571347,0
WNP basin,all SIDs,JMA,1984,-0.14061913696060038,-0.1450278592044321,0.1450278592044321,0
WNP basin,all SIDs,JMA,1985,-0.14534412955465587,-0.15282637119925327,0.15282637119925327,0
WNP basin,all SIDs,JMA,1986,-0.1459678301783565,-0.16146789025790617,0.16146789025790617,0
WNP basin,all SIDs,JMA,1987,-0.1415362731152205,-0.17260548745492463,0.17260548745492463,0
WNP basin,all SIDs,JMA,1988,-0.1642213642213642,-0.18680141812658474,0.18680141812658474,0
WNP basin,all SIDs,JMA,1989,-0.14985994397759103,-0.1926435571951501,0.1926435571951501,0
WNP basin,all SIDs,JMA,1990,-0.12666157372039724,-0.19800643021859846,0.19800643021859846,0
WNP basin,all SIDs,JMA,1991,-0.11530748663101605,-0.20806094764350797,0.20806094764350797,0
WNP basin,all SIDs,JMA,1992,-0.10098973607038123,-0.21629486758025945,0.21629486758025945,0
WNP basin,all SIDs,JMA,1993,-0.07016129032258064,-0.220348767222907,0.220348767222907,0
WNP basin,all SIDs,JMA,1994,-0.052947719688542824,-0.22413127786718764,0.22413127786718764,0
WNP basin,all SIDs,JMA,1995,0.027586206896551724,-0.2152987938156202,0.2152987938156202,0
WNP basin,all SIDs,JMA,1996,0.023262178434592228,-0.23469724414337476,0.23469724414337476,0
WNP basin,all SIDs,JMA,1997,0.051892551892551896,-0.2369308206628027,0.2369308206628027,0
WNP basin,all SIDs,JMA,1998,0.09641025641025641,-0.28039051431746864,0.28039051431746864,0
WNP basin,all SIDs,JMA,1999,0.031538461538461536,-0.2845193422911628,0.2845193422911628,0
WNP basin,all SIDs,JMA,2000,0.01391304347826087,-0.30904104728360926,0.30904104728360926,0
WNP basin,all SIDs,JMA+JTWC,1951,0.04020116006417376,-0.07996627299513101,0.07996627299513101,0
WNP basin,all SIDs,JMA+JTWC,1952,0.03140073316612001,-0.08164395388235958,0.08164395388235958,0
WNP basin,all SIDs,JMA+JTWC,1953,0.03145539906103286,-0.08411963989177242,0.08411963989177242,0
WNP basin,all SIDs,JMA+JTWC,1954,0.025264631265856007,-0.08459583013320116,0.08459583013320116,0
WNP basin,all SIDs,JMA+JTWC,1955,0.014651077822433321,-0.08632693508244628,0.08632693508244628,0
WNP basin,all SIDs,JMA+JTWC,1956,0.014906286979425126,-0.08922603932043902,0.08922603932043902,0
WNP basin,all SIDs,JMA+JTWC,1957,0.005666852901269056,-0.0885905838494947,0.0885905838494947,0
WNP basin,all SIDs,JMA+JTWC,1958,-0.005844901367289427,-0.0909895173144297,0.0909895173144297,0
WNP basin,all SIDs,JMA+JTWC,1959,-0.004020979020979021,-0.09454872219112295,0.09454872219112295,0
WNP basin,all SIDs,JMA+JTWC,1960,-0.01391941391941392,-0.09650302190058904,0.09650302190058904,0
WNP basin,all SIDs,JMA+JTWC,1961,-0.01555299539170507,-0.0996712402343373,0.0996712402343373,0
WNP basin,all SIDs,JMA+JTWC,1962,-0.015738712195613305,-0.10300072493597541,0.10300072493597541,0
WNP basin,all SIDs,JMA+JTWC,1963,-0.015917503966155475,-0.10666862884102891,0.10666862884102891,0
WNP basin,all SIDs,JMA+JTWC,1964,-0.026257293692692415,-0.11328141799759668,0.11328141799759668,0
WNP basin,all SIDs,JMA+JTWC,1965,-0.014845119812974868,-0.11464538833053335,0.11464538833053335,0
WNP basin,all SIDs,JMA+JTWC,1966,-0.009443538712356578,-0.1176191533796693,0.1176191533796693,0
WNP basin,all SIDs,JMA+JTWC,1967,-0.00155561317085818,-0.11905506284439048,0.11905506284439048,0
WNP basin,all SIDs,JMA+JTWC,1968,0.015003417634996583,-0.12355044944900204,0.12355044944900204,0
WNP basin,all SIDs,JMA+JTWC,1969,0.009163059163059163,-0.12618064441809432,0.12618064441809432,0
WNP basin,all SIDs,JMA+JTWC,1970,-0.014141414141414142,-0.12158985574390091,0.12158985574390091,0
WNP basin,all SIDs,JMA+JTWC,1971,-0.027092404450895016,-0.13240421689033896,0.13240421689033896,0
WNP basin,all SIDs,JMA+JTWC,1972,-0.007598394945786732,-0.1316236400315404,0.1316236400315404,0
WNP basin,all SIDs,JMA+JTWC,1973,0.00018099547511312217,-0.1402814889185608,0.1402814889185608,0
WNP basin,all SIDs,JMA+JTWC,1974,-0.01800720288115246,-0.15251830358421717,0.15251830358421717,0
WNP basin,all SIDs,JMA+JTWC,1975,-0.0027551020408163266,-0.16384704489600632,0.16384704489600632,0
WNP basin,all SIDs,JMA+JTWC,1976,-0.01742292661745549,-0.16594565401168163,0.16594565401168163,0
WNP basin,all SIDs,JMA+JTWC,1977,-0.03122109158186864,-0.16663339634691204,0.16663339634691204,0
WNP basin,all SIDs,JMA+JTWC,1978,-0.05550416281221091,-0.17622282861629732,0.17622282861629732,0
WNP basin,all SIDs,JMA+JTWC,1979,-0.04967061923583663,-0.18627564549257025,0.18627564549257025,0
WNP basin,all SIDs,JMA+JTWC,1980,-0.06187455954897815,-0.19104463073003422,0.19104463073003422,0
WNP basin,all SIDs,JMA+JTWC,1981,-0.07897916037450921,-0.19563279072034387,0.19563279072034387,0
WNP basin,all SIDs,JMA+JTWC,1982,-0.09140264160116685,-0.20092052357423856,0.20092052357423856,0
WNP basin,all SIDs,JMA+JTWC,1983,-0.1127177700348432,-0.19931012933202466,0.19931012933202466,0
WNP basin,all SIDs,JMA+JTWC,1984,-0.14465290806754222,-0.1959212111417943,0.1959212111417943,0
WNP basin,all SIDs,JMA+JTWC,1985,-0.16497975708502025,-0.19744946775007213,0.19744946775007213,0
WNP basin,all SIDs,JMA+JTWC,1986,-0.19225298172666594,-0.19763993601436597,0.19763993601436597,0
WNP basin,all SIDs,JMA+JTWC,1987,-0.21431958274063537,-0.19586068088882888,0.19586068088882888,-
WNP basin,all SIDs,JMA+JTWC,1988,-0.2583011583011583,-0.1892235067252163,0.1892235067252163,-
WNP basin,all SIDs,JMA+JTWC,1989,-0.27871148459383754,-0.19796084600393068,0.19796084600393068,-
WNP basin,all SIDs,JMA+JTWC,1990,-0.2854087089381207,-0.20867734382200206,0.20867734382200206,-
WNP basin,all SIDs,JMA+JTWC,1991,-0.3088235294117647,-0.21580354065103974,0.21580354065103974,-
WNP basin,all SIDs,JMA+JTWC,1992,-0.3289956011730205,-0.22880099988290872,0.22880099988290872,-
WNP basin,all SIDs,JMA+JTWC,1993,-0.3318548387096774,-0.24561495293849742,0.24561495293849742,-
WNP basin,all SIDs,JMA+JTWC,1994,-0.31234705228031145,-0.2542094287892008,0.2542094287892008,-
WNP basin,all SIDs,JMA+JTWC,1995,-0.26403940886699506,-0.26087042288946716,0.26087042288946716,-
WNP basin,all SIDs,JMA+JTWC,1996,-0.2580733442802408,-0.28144264377835326,0.28144264377835326,0
WNP basin,all SIDs,JMA+JTWC,1997,-0.13736263736263737,-0.22619152474673154,0.22619152474673154,0
WNP basin,all SIDs,JMA+JTWC,1998,-0.11452991452991453,-0.24612245125280438,0.24612245125280438,0
WNP basin,all SIDs,JMA+JTWC,1999,-0.14461538461538462,-0.2743474396125364,0.2743474396125364,0
WNP basin,all SIDs,JMA+JTWC,2000,-0.11608695652173913,-0.2895297144937753,0.2895297144937753,0
WNP basin,all SIDs,JTWC,1951,0.08027890904603234,-0.0914215199262386,0.0914215199262386,0
WNP basin,all SIDs,JTWC,1952,0.0697633288314361,-0.09420730640935657,0.09420730640935657,0
WNP basin,all SIDs,JTWC,1953,0.0715291750503018,-0.09733546238148275,0.09733546238148275,0
WNP basin,all SIDs,JTWC,1954,0.06715073046977517,-0.0988957481108161,0.0988957481108161,0
WNP basin,all SIDs,JTWC,1955,0.055900621118012424,-0.09817288684934827,0.09817288684934827,0
WNP basin,all SIDs,JTWC,1956,0.04882238424247051,-0.0990896282386793,0.0990896282386793,0
WNP basin,all SIDs,JTWC,1957,0.04102482241200415,-0.09943401473965072,0.09943401473965072,0
WNP basin,all SIDs,JTWC,1958,0.03104060118985492,-0.09899622438032442,0.09899622438032442,0
WNP basin,all SIDs,JTWC,1959,0.021503496503496502,-0.09903651872185662,0.09903651872185662,0
WNP basin,all SIDs,JTWC,1960,0.0125,-0.1007164253229069,0.1007164253229069,0
WNP basin,all SIDs,JTWC,1961,0.008736559139784945,-0.10354927548414644,0.10354927548414644,0
WNP basin,all SIDs,JTWC,1962,0.004583112991362595,-0.10701548219230893,0.10701548219230893,0
WNP basin,all SIDs,JTWC,1963,0.004918032786885246,-0.11092217777174658,0.11092217777174658,0
WNP basin,all SIDs,JTWC,1964,-0.0031953320366768546,-0.11880793595873217,0.11880793595873217,0
WNP basin,all SIDs,JTWC,1965,0.010637054354178842,-0.11840678655762087,0.11840678655762087,0
WNP basin,all SIDs,JTWC,1966,0.01867175243778646,-0.12174708468690681,0.12174708468690681,0
WNP basin,all SIDs,JTWC,1967,0.020028519574799068,-0.12633688972142607,0.12633688972142607,0
WNP basin,all SIDs,JTWC,1968,0.031237183868762817,-0.1311708707585863,0.1311708707585863,0
WNP basin,all SIDs,JTWC,1969,0.02748917748917749,-0.13553205834387577,0.13553205834387577,0
WNP basin,all SIDs,JTWC,1970,0.006479893272346103,-0.13216084169930803,0.13216084169930803,0
WNP basin,all SIDs,JTWC,1971,-0.00612804386389292,-0.14301244825839213,0.14301244825839213,0
WNP basin,all SIDs,JTWC,1972,0.009177836591821054,-0.1450242911161248,0.1450242911161248,0
WNP basin,all SIDs,JTWC,1973,0.014570135746606335,-0.1537993787338642,0.1537993787338642,0
WNP basin,all SIDs,JTWC,1974,-0.0014405762304921968,-0.16619342614728616,0.16619342614728616,0
WNP basin,all SIDs,JTWC,1975,0.011122448979591837,-0.17895197439635832,0.17895197439635832,0
WNP basin,all SIDs,JTWC,1976,-0.0039622231871472,-0.18110741798724253,0.18110741798724253,0
WNP basin,all SIDs,JTWC,1977,-0.018270120259019425,-0.18125630066275025,0.18125630066275025,0
WNP basin,all SIDs,JTWC,1978,-0.04606845513413506,-0.18949594569152914,0.18949594569152914,0
WNP basin,all SIDs,JTWC,1979,-0.04426877470355731,-0.19929063962666071,0.19929063962666071,0
WNP basin,all SIDs,JTWC,1980,-0.054756871035940805,-0.2056239820181165,0.2056239820181165,0
WNP basin,all SIDs,JTWC,1981,-0.06991845363938387,-0.2110929140223624,0.2110929140223624,0
WNP basin,all SIDs,JTWC,1982,-0.08362369337979095,-0.21669369455612122,0.21669369455612122,0
WNP basin,all SIDs,JTWC,1983,-0.10278745644599303,-0.21761752397257514,0.21761752397257514,0
WNP basin,all SIDs,JTWC,1984,-0.13227016885553472,-0.21749820954529026,0.21749820954529026,0
WNP basin,all SIDs,JTWC,1985,-0.14979757085020243,-0.2212666161669516,0.2212666161669516,0
WNP basin,all SIDs,JTWC,1986,-0.17813765182186234,-0.2193541412563919,0.2193541412563919,0
WNP basin,all SIDs,JTWC,1987,-0.2060218112849692,-0.21285623132508183,0.21285623132508183,0
WNP basin,all SIDs,JTWC,1988,-0.25212355212355214,-0.19498667105177003,0.19498667105177003,-
WNP basin,all SIDs,JTWC,1989,-0.2901960784313726,-0.198968697196682,0.198968697196682,-
WNP basin,all SIDs,JTWC,1990,-0.29640947288006114,-0.20991806605917973,0.20991806605917973,-
WNP basin,all SIDs,JTWC,1991,-0.31918449197860965,-0.2172601364474074,0.2172601364474074,-
WNP basin,all SIDs,JTWC,1992,-0.3385263929618768,-0.230670577020392,0.230670577020392,-
WNP basin,all SIDs,JTWC,1993,-0.3403225806451613,-0.24759940792565233,0.24759940792565233,-
WNP basin,all SIDs,JTWC,1994,-0.31946607341490546,-0.25497424801025403,0.25497424801025403,-
WNP basin,all SIDs,JTWC,1995,-0.26945812807881775,-0.25980584270230306,0.25980584270230306,-
WNP basin,all SIDs,JTWC,1996,-0.2613574165298303,-0.2786673752295255,0.2786673752295255,0
WNP basin,all SIDs,JTWC,1997,-0.14652014652014653,-0.22534320897390595,0.22534320897390595,0
WNP basin,all SIDs,JTWC,1998,-0.12170940170940171,-0.2450833302951391,0.2450833302951391,0
WNP basin,all SIDs,JTWC,1999,-0.14923076923076922,-0.27410313235451117,0.27410313235451117,0
WNP basin,all SIDs,JTWC,2000,-0.11739130434782609,-0.2866000722009515,0.2866000722009515,0
WNP basin,main track,raw total,1951,-0.16444526718499322,-0.09584038934662857,0.09584038934662857,-
WNP basin,main track,raw total,1952,-0.17245482024567496,-0.0963265428486307,0.0963265428486307,-
WNP basin,main track,raw total,1953,-0.17974513749161636,-0.09636088088776615,0.09636088088776615,-
WNP basin,main track,raw total,1954,-0.1924241098766512,-0.09434890980478669,0.09434890980478669,-
WNP basin,main track,raw total,1955,-0.2021556448666423,-0.09501655967354035,0.09501655967354035,-
WNP basin,main track,raw total,1956,-0.20723746993930603,-0.09755933516361708,0.09755933516361708,-
WNP basin,main track,raw total,1957,-0.2084364274882273,-0.10139289116147122,0.10139289116147122,-
WNP basin,main track,raw total,1958,-0.22903663500678426,-0.09834591240271484,0.09834591240271484,-
WNP basin,main track,raw total,1959,-0.2339597902097902,-0.1000574320495628,0.1000574320495628,-
WNP basin,main track,raw total,1960,-0.24645146520146521,-0.10074961704673216,0.10074961704673216,-
WNP basin,main track,raw total,1961,-0.25057603686635943,-0.10617638911036496,0.10617638911036496,-
WNP basin,main track,raw total,1962,-0.2372642340913097,-0.10807817552019644,0.10807817552019644,-
WNP basin,main track,raw total,1963,-0.23696456901110524,-0.11198681006113133,0.11198681006113133,-
WNP basin,main track,raw total,1964,-0.24470686301750486,-0.11899902814784637,0.11899902814784637,-
WNP basin,main track,raw total,1965,-0.23179427235534775,-0.11713363892895615,0.11713363892895615,-
WNP basin,main track,raw total,1966,-0.215263465501861,-0.11485437442136755,0.11485437442136755,-
WNP basin,main track,raw total,1967,-0.20404459424423127,-0.11279588598438603,0.11279588598438603,-
WNP basin,main track,raw total,1968,-0.17754613807245387,-0.10568253688321139,0.10568253688321139,-
WNP basin,main track,raw total,1969,-0.1678932178932179,-0.11102007811025882,0.11102007811025882,-
WNP basin,main track,raw total,1970,-0.17773966075852868,-0.12394193476433175,0.12394193476433175,-
WNP basin,main track,raw total,1971,-0.1491694887921303,-0.10296198376671191,0.10296198376671191,-
WNP basin,main track,raw total,1972,-0.11683599419448476,-0.09555371345489803,0.09555371345489803,-
WNP basin,main track,raw total,1973,-0.11321266968325792,-0.10030345160439942,0.10030345160439942,-
WNP basin,main track,raw total,1974,-0.12600240096038415,-0.10695486536477182,0.10695486536477182,-
WNP basin,main track,raw total,1975,-0.11459183673469388,-0.11374343358548848,0.11374343358548848,-
WNP basin,main track,raw total,1976,-0.12798523664785064,-0.11446903652601868,0.11446903652601868,-
WNP basin,main track,raw total,1977,-0.14003237742830713,-0.11398271468419129,0.11398271468419129,-
WNP basin,main track,raw total,1978,-0.1620104841196423,-0.12056106609942054,0.12056106609942054,-
WNP basin,main track,raw total,1979,-0.15322793148880107,-0.12472734954018261,0.12472734954018261,-
WNP basin,main track,raw total,1980,-0.14904862579281183,-0.13138883662647288,0.13138883662647288,-
WNP basin,main track,raw total,1981,-0.1603745092117185,-0.136224257845294,0.136224257845294,-
WNP basin,main track,raw total,1982,-0.16586986467871323,-0.14102919746006526,0.14102919746006526,-
WNP basin,main track,raw total,1983,-0.1935540069686411,-0.13246406759837573,0.13246406759837573,-
WNP basin,main track,raw total,1984,-0.22101313320825516,-0.12962004076578756,0.12962004076578756,-
WNP basin,main track,raw total,1985,-0.23582995951417005,-0.13503021380531768,0.13503021380531768,-
WNP basin,main track,raw total,1986,-0.23930408140934456,-0.14237266491271358,0.14237266491271358,-
WNP basin,main track,raw total,1987,-0.2422949265054528,-0.14919517096774018,0.14919517096774018,-
WNP basin,main track,raw total,1988,-0.277992277992278,-0.15003377978833468,0.15003377978833468,-
WNP basin,main track,raw total,1989,-0.2834733893557423,-0.1604914516785439,0.1604914516785439,-
WNP basin,main track,raw total,1990,-0.26707410236822,-0.16782014696682143,0.16782014696682143,-
WNP basin,main track,raw total,1991,-0.2630347593582888,-0.17874758917583639,0.17874758917583639,-
WNP basin,main track,raw total,1992,-0.27474340175953077,-0.18970451641317296,0.18970451641317296,-
WNP basin,main track,raw total,1993,-0.2806451612903226,-0.20457643251591986,0.20457643251591986,-
WNP basin,main track,raw total,1994,-0.2582869855394883,-0.2066074432939049,0.2066074432939049,-
WNP basin,main track,raw total,1995,-0.20689655172413793,-0.21203063607598385,0.21203063607598385,0
WNP basin,main track,raw total,1996,-0.2134646962233169,-0.23559636479432863,0.23559636479432863,0
WNP basin,main track,raw total,1997,-0.1343101343101343,-0.22139483751307576,0.22139483751307576,0
WNP basin,main track,raw total,1998,-0.1264957264957265,-0.24015819741728126,0.24015819741728126,0
WNP basin,main track,raw total,1999,-0.15538461538461537,-0.27164233969487556,0.27164233969487556,0
WNP basin,main track,raw total,2000,-0.11434782608695652,-0.28199793744863827,0.28199793744863827,0
WNP basin,main track,all four,1951,-0.13155621374799456,-0.08752677083675864,0.08752677083675864,-
WNP basin,main track,all four,1952,-0.14100585246639655,-0.08708097032805723,0.08708097032805723,-
WNP basin,main track,all four,1953,-0.14869215291750504,-0.08649942453074813,0.08649942453074813,-
WNP basin,main track,all four,1954,-0.161840608870615,-0.08460101438854538,0.08460101438854538,-
WNP basin,main track,all four,1955,-0.16956521739130434,-0.08599796990817388,0.08599796990817388,-
WNP basin,main track,all four,1956,-0.1725006680154216,-0.08853936086309902,0.08853936086309902,-
WNP basin,main track,all four,1957,-0.17275919865911085,-0.09206761931008915,0.09206761931008915,-
WNP basin,main track,all four,1958,-0.19098215217618203,-0.0881564109924975,0.0881564109924975,-
WNP basin,main track,all four,1959,-0.19912587412587412,-0.08820390653736179,0.08820390653736179,-
WNP basin,main track,all four,1960,-0.2107371794871795,-0.0890203699767702,0.0890203699767702,-
WNP basin,main track,all four,1961,-0.21394969278033793,-0.09289272986352763,0.09289272986352763,-
WNP basin,main track,all four,1962,-0.2044521669058951,-0.0948680364629064,0.0948680364629064,-
WNP basin,main track,all four,1963,-0.2034902168164992,-0.09860708029808012,0.09860708029808012,-
WNP basin,main track,all four,1964,-0.21564323423173104,-0.10417574736385803,0.10417574736385803,-
WNP basin,main track,all four,1965,-0.2059029807130333,-0.1060803411091278,0.1060803411091278,-
WNP basin,main track,all four,1966,-0.2020055984496601,-0.10923319211751922,0.10923319211751922,-
WNP basin,main track,all four,1967,-0.19542390458905887,-0.11047681788942465,0.11047681788942465,-
WNP basin,main track,all four,1968,-0.16825017088174982,-0.10474512558560609,0.10474512558560609,-
WNP basin,main track,all four,1969,-0.1619047619047619,-0.1100464400888086,0.1100464400888086,-
WNP basin,main track,all four,1970,-0.1733562035448828,-0.12292041272048768,0.12292041272048768,-
WNP basin,main track,all four,1971,-0.14658925979680695,-0.1039885098230809,0.1039885098230809,-
WNP basin,main track,all four,1972,-0.11401861179885597,-0.096339632209734,0.096339632209734,-
WNP basin,main track,all four,1973,-0.11013574660633484,-0.10114987326171575,0.10114987326171575,-
WNP basin,main track,all four,1974,-0.12264105642256903,-0.10793800735032837,0.10793800735032837,-
WNP basin,main track,all four,1975,-0.11091836734693877,-0.11472311402442867,0.11472311402442867,0
WNP basin,main track,all four,1976,-0.12396873643074251,-0.1157354216205758,0.1157354216205758,-
WNP basin,main track,all four,1977,-0.1356382978723404,-0.11561690472438382,0.11561690472438382,-
WNP basin,main track,all four,1978,-0.157200123342584,-0.12260552521475925,0.12260552521475925,-
WNP basin,main track,all four,1979,-0.14795783926218709,-0.12720209586772613,0.12720209586772613,-
WNP basin,main track,all four,1980,-0.14644115574348132,-0.13358869783975383,0.13358869783975383,-
WNP basin,main track,all four,1981,-0.15750528541226216,-0.1386541361498707,0.1386541361498707,-
WNP basin,main track,all four,1982,-0.16270966696377928,-0.1437886638959616,0.1437886638959616,-
WNP basin,main track,all four,1983,-0.19006968641114982,-0.13422719314139234,0.13422719314139234,-
WNP basin,main track,all four,1984,-0.22101313320825516,-0.12962004076578756,0.12962004076578756,-
WNP basin,main track,all four,1985,-0.23582995951417005,-0.13503021380531768,0.13503021380531768,-
WNP basin,main track,all four,1986,-0.23930408140934456,-0.14237266491271358,0.14237266491271358,-
WNP basin,main track,all four,1987,-0.2422949265054528,-0.14919517096774018,0.14919517096774018,-
WNP basin,main track,all four,1988,-0.277992277992278,-0.15003377978833468,0.15003377978833468,-
WNP basin,main track,all four,1989,-0.2834733893557423,-0.1604914516785439,0.1604914516785439,-
WNP basin,main track,all four,1990,-0.26707410236822,-0.16782014696682143,0.16782014696682143,-
WNP basin,main track,all four,1991,-0.2630347593582888,-0.17874758917583639,0.17874758917583639,-
WNP basin,main track,all four,1992,-0.27474340175953077,-0.18970451641317296,0.18970451641317296,-
WNP basin,main track,all four,1993,-0.2806451612903226,-0.20457643251591986,0.20457643251591986,-
WNP basin,main track,all four,1994,-0.2582869855394883,-0.2066074432939049,0.2066074432939049,-
WNP basin,main track,all four,1995,-0.20689655172413793,-0.21203063607598385,0.21203063607598385,0
WNP basin,main track,all four,1996,-0.2134646962233169,-0.23559636479432863,0.23559636479432863,0
WNP basin,main track,all four,1997,-0.1343101343101343,-0.22139483751307576,0.22139483751307576,0
WNP basin,main track,all four,1998,-0.1264957264957265,-0.24015819741728126,0.24015819741728126,0
WNP basin,main track,all four,1999,-0.15538461538461537,-0.27164233969487556,0.27164233969487556,0
WNP basin,main track,all four,2000,-0.11434782608695652,-0.28199793744863827,0.28199793744863827,0
WNP basin,main track,JMA+JTWC+CMA,1951,-0.12415154880908305,-0.08481033569004537,0.08481033569004537,-
WNP basin,main track,JMA+JTWC+CMA,1952,-0.13290243745578495,-0.08468195225176506,0.08468195225176506,-
WNP basin,main track,JMA+JTWC+CMA,1953,-0.1398390342052314,-0.0844696777049686,0.0844696777049686,-
WNP basin,main track,JMA+JTWC+CMA,1954,-0.1521826611844983,-0.08306605269026382,0.08306605269026382,-
WNP basin,main track,JMA+JTWC+CMA,1955,-0.15904274753379613,-0.08475980483909976,0.08475980483909976,-
WNP basin,main track,JMA+JTWC+CMA,1956,-0.1610489750734817,-0.08736865022578214,0.08736865022578214,-
WNP basin,main track,JMA+JTWC+CMA,1957,-0.160308085242238,-0.0913281054392266,0.0913281054392266,-
WNP basin,main track,JMA+JTWC+CMA,1958,-0.17745538044045506,-0.08831928209330782,0.08831928209330782,-
WNP basin,main track,JMA+JTWC+CMA,1959,-0.18444055944055945,-0.08898496560136213,0.08898496560136213,-
WNP basin,main track,JMA+JTWC+CMA,1960,-0.19480311355311355,-0.09049314920607278,0.09049314920607278,-
WNP basin,main track,JMA+JTWC+CMA,1961,-0.19666858678955454,-0.09403887227869294,0.09403887227869294,-
WNP basin,main track,JMA+JTWC+CMA,1962,-0.18888972828687264,-0.09782242296095667,0.09782242296095667,-
WNP basin,main track,JMA+JTWC+CMA,1963,-0.1947646747752512,-0.09950730802563415,0.09950730802563415,-
WNP basin,main track,JMA+JTWC+CMA,1964,-0.20600166712975826,-0.10265543270376813,0.10265543270376813,-
WNP basin,main track,JMA+JTWC+CMA,1965,-0.20403272939801287,-0.10611079518501573,0.10611079518501573,-
WNP basin,main track,JMA+JTWC+CMA,1966,-0.2014826663385524,-0.10955252506787799,0.10955252506787799,-
WNP basin,main track,JMA+JTWC+CMA,1967,-0.19451646357272492,-0.11051580944169581,0.11051580944169581,-
WNP basin,main track,JMA+JTWC+CMA,1968,-0.16691729323308271,-0.10542072396447101,0.10542072396447101,-
WNP basin,main track,JMA+JTWC+CMA,1969,-0.1621212121212121,-0.1105055745135337,0.1105055745135337,-
WNP basin,main track,JMA+JTWC+CMA,1970,-0.17320373546788642,-0.1225780891624887,0.1225780891624887,-
WNP basin,main track,JMA+JTWC+CMA,1971,-0.14820190291888405,-0.10558245639552175,0.10558245639552175,-
WNP basin,main track,JMA+JTWC+CMA,1972,-0.1153419277725604,-0.09764252179876297,0.09764252179876297,-
WNP basin,main track,JMA+JTWC+CMA,1973,-0.11113122171945701,-0.102554577728365,0.102554577728365,-
WNP basin,main track,JMA+JTWC+CMA,1974,-0.12326530612244897,-0.10955097113415108,0.10955097113415108,-
WNP basin,main track,JMA+JTWC+CMA,1975,-0.11112244897959184,-0.11637586110731206,0.11637586110731206,0
WNP basin,main track,JMA+JTWC+CMA,1976,-0.12369735128093791,-0.11710976021749199,0.11710976021749199,-
WNP basin,main track,JMA+JTWC+CMA,1977,-0.13760407030527289,-0.11581918324225145,0.11581918324225145,-
WNP basin,main track,JMA+JTWC+CMA,1978,-0.1588035769349368,-0.12302878639441833,0.12302878639441833,-
WNP basin,main track,JMA+JTWC+CMA,1979,-0.14914361001317522,-0.12806830768974867,0.12806830768974867,-
WNP basin,main track,JMA+JTWC+CMA,1980,-0.1503171247357294,-0.13402162672695334,0.13402162672695334,-
WNP basin,main track,JMA+JTWC+CMA,1981,-0.1611295681063123,-0.1392095966025382,0.1392095966025382,-
WNP basin,main track,JMA+JTWC+CMA,1982,-0.1660319260999919,-0.1445607809727002,0.1445607809727002,-
WNP basin,main track,JMA+JTWC+CMA,1983,-0.19303135888501743,-0.1354900919100039,0.1354900919100039,-
WNP basin,main track,JMA+JTWC+CMA,1984,-0.22354596622889306,-0.1314023098517063,0.1314023098517063,-
WNP basin,main track,JMA+JTWC+CMA,1985,-0.23785425101214575,-0.13623039577180898,0.13623039577180898,-
WNP basin,main track,JMA+JTWC+CMA,1986,-0.2449939818360871,-0.14295326124155114,0.14295326124155114,-
WNP basin,main track,JMA+JTWC+CMA,1987,-0.25225225225225223,-0.1477262848383369,0.1477262848383369,-
WNP basin,main track,JMA+JTWC+CMA,1988,-0.28815958815958814,-0.1482545914295713,0.1482545914295713,-
WNP basin,main track,JMA+JTWC+CMA,1989,-0.2938375350140056,-0.15855693992838948,0.15855693992838948,-
WNP basin,main track,JMA+JTWC+CMA,1990,-0.2776165011459129,-0.16586863243170627,0.16586863243170627,-
WNP basin,main track,JMA+JTWC+CMA,1991,-0.2737299465240642,-0.1766611130520983,0.1766611130520983,-
WNP basin,main track,JMA+JTWC+CMA,1992,-0.28555718475073316,-0.1874356671476054,0.1874356671476054,-
WNP basin,main track,JMA+JTWC+CMA,1993,-0.2915322580645161,-0.20207083760751332,0.20207083760751332,-
WNP basin,main track,JMA+JTWC+CMA,1994,-0.26918798665183535,-0.20401414100192536,0.20401414100192536,-
WNP basin,main track,JMA+JTWC+CMA,1995,-0.21773399014778325,-0.20918815163174065,0.20918815163174065,-
WNP basin,main track,JMA+JTWC+CMA,1996,-0.22413793103448276,-0.23188863004988874,0.23188863004988874,0
WNP basin,main track,JMA+JTWC+CMA,1997,-0.1446886446886447,-0.21713241175107195,0.21713241175107195,0
WNP basin,main track,JMA+JTWC+CMA,1998,-0.13641025641025642,-0.23551115216633045,0.23551115216633045,0
WNP basin,main track,JMA+JTWC+CMA,1999,-0.1646153846153846,-0.2660215406048225,0.2660215406048225,0
WNP basin,main track,JMA+JTWC+CMA,2000,-0.12260869565217392,-0.27527088752927026,0.27527088752927026,0
WNP basin,main track,JMA,1951,-0.04279279279279279,-0.0638465591644771,0.0638465591644771,0
WNP basin,main track,JMA,1952,-0.05035693613737218,-0.06446239917830925,0.06446239917830925,0
WNP basin,main track,JMA,1953,-0.05248155600268276,-0.06594154393492442,0.06594154393492442,0
WNP basin,main track,JMA,1954,-0.05845507829586213,-0.06588654519301972,0.06588654519301972,0
WNP basin,main track,JMA,1955,-0.06744610887833394,-0.06644478455329185,0.06644478455329185,-
WNP basin,main track,JMA,1956,-0.06926365614383326,-0.0680873351555172,0.0680873351555172,-
WNP basin,main track,JMA,1957,-0.07793918109984835,-0.0670455337735003,0.0670455337735003,-
WNP basin,main track,JMA,1958,-0.08731865149775597,-0.06862245838756852,0.06862245838756852,-
WNP basin,main track,JMA,1959,-0.08592657342657342,-0.07124502211411748,0.07124502211411748,-
WNP basin,main track,JMA,1960,-0.09468864468864469,-0.07195750558346245,0.07195750558346245,-
WNP basin,main track,JMA,1961,-0.09802227342549923,-0.07405097466115033,0.07405097466115033,-
WNP basin,main track,JMA,1962,-0.09994711792702274,-0.07657600805167207,0.07657600805167207,-
WNP basin,main track,JMA,1963,-0.09862506610259122,-0.07953214633231355,0.07953214633231355,-
WNP basin,main track,JMA,1964,-0.10716865796054459,-0.08324104797402192,0.08324104797402192,-
WNP basin,main track,JMA,1965,-0.10064289888953828,-0.0848111756038739,0.0848111756038739,-
WNP basin,main track,JMA,1966,-0.09505060137192778,-0.08610873817250339,0.08610873817250339,-
WNP basin,main track,JMA,1967,-0.08303085299455536,-0.08235506257970497,0.08235506257970497,-
WNP basin,main track,JMA,1968,-0.06172248803827751,-0.08101387017580261,0.08101387017580261,0
WNP basin,main track,JMA,1969,-0.06212121212121212,-0.08411523396805969,0.08411523396805969,0
WNP basin,main track,JMA,1970,-0.07920716599961883,-0.08272765960539566,0.08272765960539566,0
WNP basin,main track,JMA,1971,-0.0850669246895662,-0.08856030166213806,0.08856030166213806,0
WNP basin,main track,JMA,1972,-0.06654998719371638,-0.08518146661346494,0.08518146661346494,0
WNP basin,main track,JMA,1973,-0.05737556561085973,-0.09053648091750323,0.09053648091750323,0
WNP basin,main track,JMA,1974,-0.07140456182472989,-0.09700576333869214,0.09700576333869214,0
WNP basin,main track,JMA,1975,-0.05897959183673469,-0.1041929322070894,0.1041929322070894,0
WNP basin,main track,JMA,1976,-0.07403386886669562,-0.1053154172856252,0.1053154172856252,0
WNP basin,main track,JMA,1977,-0.0797872340425532,-0.10800598005290363,0.10800598005290363,0
WNP basin,main track,JMA,1978,-0.09768732654949121,-0.11390677905396784,0.11390677905396784,0
WNP basin,main track,JMA,1979,-0.09051383399209487,-0.12046345808389716,0.12046345808389716,0
WNP basin,main track,JMA,1980,-0.1010570824524313,-0.12324051731900841,0.12324051731900841,0
WNP basin,main track,JMA,1981,-0.11280579885231048,-0.1297522484863619,0.1297522484863619,0
WNP basin,main track,JMA,1982,-0.10850012154606596,-0.13689595237526597,0.13689595237526597,0
WNP basin,main track,JMA,1983,-0.11777003484320557,-0.1408631185882439,0.1408631185882439,0
WNP basin,main track,JMA,1984,-0.13574108818011257,-0.14551013405447613,0.14551013405447613,0
WNP basin,main track,JMA,1985,-0.13987854251012147,-0.153089905340047,0.153089905340047,0
WNP basin,main track,JMA,1986,-0.1441076704234599,-0.16204389278959988,0.16204389278959988,0
WNP basin,main track,JMA,1987,-0.13940256045519203,-0.17327866024428362,0.17327866024428362,0
WNP basin,main track,JMA,1988,-0.16177606177606177,-0.18771103473509732,0.18771103473509732,0
WNP basin,main track,JMA,1989,-0.14705882352941177,-0.19334719550089044,0.19334719550089044,0
WNP basin,main track,JMA,1990,-0.12345301757066462,-0.19842946670386544,0.19842946670386544,0
WNP basin,main track,JMA,1991,-0.11163101604278075,-0.20828664865413746,0.20828664865413746,0
WNP basin,main track,JMA,1992,-0.0967741935483871,-0.2161512084151009,0.2161512084151009,0
WNP basin,main track,JMA,1993,-0.06532258064516129,-0.21961478658218123,0.21961478658218123,0
WNP basin,main track,JMA,1994,-0.047385984427141266,-0.22238614833646195,0.22238614833646195,0
WNP basin,main track,JMA,1995,0.03399014778325123,-0.21169944154056394,0.21169944154056394,0
WNP basin,main track,JMA,1996,0.03065134099616858,-0.2297066379390753,0.2297066379390753,0
WNP basin,main track,JMA,1997,0.051892551892551896,-0.2369308206628027,0.2369308206628027,0
WNP basin,main track,JMA,1998,0.09641025641025641,-0.28039051431746864,0.28039051431746864,0
WNP basin,main track,JMA,1999,0.031538461538461536,-0.2845193422911628,0.2845193422911628,0
WNP basin,main track,JMA,2000,0.01391304347826087,-0.30904104728360926,0.30904104728360926,0
WNP basin,main track,JMA+JTWC,1951,0.043872639763050725,-0.07499885054521443,0.07499885054521443,0
WNP basin,main track,JMA+JTWC,1952,0.0357257701459901,-0.07645173482353146,0.07645173482353146,0
WNP basin,main track,JMA+JTWC,1953,0.03527833668678739,-0.07867642708036261,0.07867642708036261,0
WNP basin,main track,JMA+JTWC,1954,0.02977867203219316,-0.0792145926291415,0.0792145926291415,0
WNP basin,main track,JMA+JTWC,1955,0.019912312751187433,-0.08069869763768031,0.08069869763768031,0
WNP basin,main track,JMA+JTWC,1956,0.01965873955033019,-0.08328603222813881,0.08328603222813881,0
WNP basin,main track,JMA+JTWC,1957,0.011213983558145103,-0.08273680331047786,0.08273680331047786,0
WNP basin,main track,JMA+JTWC,1958,0.0005636154889886233,-0.08439096150213664,0.08439096150213664,0
WNP basin,main track,JMA+JTWC,1959,0.00043706293706293706,-0.08723989452327931,0.08723989452327931,0
WNP basin,main track,JMA+JTWC,1960,-0.008630952380952382,-0.08886346928749003,0.08886346928749003,0
WNP basin,main track,JMA+JTWC,1961,-0.010896697388632873,-0.09183300591733703,0.09183300591733703,0
WNP basin,main track,JMA+JTWC,1962,-0.010198685502757423,-0.09487345767143195,0.09487345767143195,0
WNP basin,main track,JMA+JTWC,1963,-0.009413008989952407,-0.09845554606235245,0.09845554606235245,0
WNP basin,main track,JMA+JTWC,1964,-0.018699638788552377,-0.1052840282347679,0.1052840282347679,0
WNP basin,main track,JMA+JTWC,1965,-0.0061367621274108705,-0.10533039588851345,0.10533039588851345,0
WNP basin,main track,JMA+JTWC,1966,0.0005229321111076933,-0.10728591310535981,0.10728591310535981,0
WNP basin,main track,JMA+JTWC,1967,0.009787399533316048,-0.1070514570817002,0.1070514570817002,0
WNP basin,main track,JMA+JTWC,1968,0.027853725222146276,-0.11006669284732713,0.11006669284732713,0
WNP basin,main track,JMA+JTWC,1969,0.023665223665223667,-0.11295859243083477,0.11295859243083477,0
WNP basin,main track,JMA+JTWC,1970,0.002172670097198399,-0.10894877370299823,0.10894877370299823,0
WNP basin,main track,JMA+JTWC,1971,-0.00878890501532011,-0.11735163136351287,0.11735163136351287,0
WNP basin,main track,JMA+JTWC,1972,0.006104328523862375,-0.11766472889161532,0.11766472889161532,0
WNP basin,main track,JMA+JTWC,1973,0.013393665158371041,-0.12525828755144125,0.12525828755144125,0
WNP basin,main track,JMA+JTWC,1974,-0.002929171668667467,-0.1350806440768764,0.1350806440768764,0
WNP basin,main track,JMA+JTWC,1975,0.009285714285714286,-0.14536965125352527,0.14536965125352527,0
WNP basin,main track,JMA+JTWC,1976,-0.0061875814155449415,-0.14556808107029115,0.14556808107029115,0
WNP basin,main track,JMA+JTWC,1977,-0.02092969472710453,-0.14451152544437926,0.14451152544437926,0
WNP basin,main track,JMA+JTWC,1978,-0.04341658957755165,-0.15213969171511008,0.15213969171511008,0
WNP basin,main track,JMA+JTWC,1979,-0.0386034255599473,-0.1603815278573506,0.1603815278573506,0
WNP basin,main track,JMA+JTWC,1980,-0.04883720930232558,-0.16487250387624441,0.16487250387624441,0
WNP basin,main track,JMA+JTWC,1981,-0.06372697070371489,-0.1693851658638619,0.1693851658638619,0
WNP basin,main track,JMA+JTWC,1982,-0.07365691597115306,-0.17460718010021567,0.17460718010021567,0
WNP basin,main track,JMA+JTWC,1983,-0.0921602787456446,-0.17373050827998643,0.17373050827998643,0
WNP basin,main track,JMA+JTWC,1984,-0.12091932457786116,-0.17165771182445738,0.17165771182445738,0
WNP basin,main track,JMA+JTWC,1985,-0.13765182186234817,-0.17331550004490576,0.17331550004490576,0
WNP basin,main track,JMA+JTWC,1986,-0.16511653353758618,-0.1729023849534529,0.1729023849534529,0
WNP basin,main track,JMA+JTWC,1987,-0.18302513039355145,-0.17276862862482728,0.17276862862482728,-
WNP basin,main track,JMA+JTWC,1988,-0.22226512226512227,-0.16656545623408192,0.16656545623408192,-
WNP basin,main track,JMA+JTWC,1989,-0.242296918767507,-0.17524700298352033,0.17524700298352033,-
WNP basin,main track,JMA+JTWC,1990,-0.24339190221543164,-0.18591505207497117,0.18591505207497117,-
WNP basin,main track,JMA+JTWC,1991,-0.26036096256684493,-0.1936660736801259,0.1936660736801259,-
WNP basin,main track,JMA+JTWC,1992,-0.2791422287390029,-0.20422126256291503,0.20422126256291503,-
WNP basin,main track,JMA+JTWC,1993,-0.2870967741935484,-0.22123835243269796,0.22123835243269796,-
WNP basin,main track,JMA+JTWC,1994,-0.26028921023359286,-0.22192709940826658,0.22192709940826658,-
WNP basin,main track,JMA+JTWC,1995,-0.21083743842364533,-0.2272620923715074,0.2272620923715074,0
WNP basin,main track,JMA+JTWC,1996,-0.21182266009852216,-0.2489433870751812,0.2489433870751812,0
WNP basin,main track,JMA+JTWC,1997,-0.12576312576312576,-0.22550443605138398,0.22550443605138398,0
WNP basin,main track,JMA+JTWC,1998,-0.1094017094017094,-0.2451065017779947,0.2451065017779947,0
WNP basin,main track,JMA+JTWC,1999,-0.1376923076923077,-0.2738909979735804,0.2738909979735804,0
WNP basin,main track,JMA+JTWC,2000,-0.10695652173913044,-0.28962760880005556,0.28962760880005556,0
WNP basin,main track,JTWC,1951,0.07713192644699494,-0.08336286538257498,0.08336286538257498,0
WNP basin,main track,JTWC,1952,0.06675670461122901,-0.08586094775911024,0.08586094775911024,0
WNP basin,main track,JTWC,1953,0.06867873910127431,-0.08871962532551059,0.08871962532551059,0
WNP basin,main track,JTWC,1954,0.064473799317645,-0.09004056250956048,0.09004056250956048,0
WNP basin,main track,JTWC,1955,0.05341614906832298,-0.08908900280876131,0.08908900280876131,0
WNP basin,main track,JTWC,1956,0.04655113180898576,-0.08979184761932457,0.08979184761932457,0
WNP basin,main track,JTWC,1957,0.03898954425732301,-0.08992145382107826,0.08992145382107826,0
WNP basin,main track,JTWC,1958,0.029266256131927775,-0.08890678799371814,0.08890678799371814,0
WNP basin,main track,JTWC,1959,0.018575174825174824,-0.08806086045129288,0.08806086045129288,0
WNP basin,main track,JTWC,1960,0.009798534798534798,-0.08943149928210177,0.08943149928210177,0
WNP basin,main track,JTWC,1961,0.006288402457757297,-0.09193892262091588,0.09193892262091588,0
WNP basin,main track,JTWC,1962,0.002417466193246204,-0.09503984548591758,0.09503984548591758,0
WNP basin,main track,JTWC,1963,0.003067160232681121,-0.0985290728281508,0.0985290728281508,0
WNP basin,main track,JTWC,1964,-0.004695748819116421,-0.10571862312059994,0.10571862312059994,0
WNP basin,main track,JTWC,1965,0.009526592635885447,-0.10434751490300265,0.10434751490300265,0
WNP basin,main track,JTWC,1966,0.017995016764588267,-0.10692725336995144,0.10692725336995144,0
WNP basin,main track,JTWC,1967,0.019834067928441793,-0.11072092482763153,0.11072092482763153,0
WNP basin,main track,JTWC,1968,0.031578947368421054,-0.11454557803429187,0.11454557803429187,0
WNP basin,main track,JTWC,1969,0.028427128427128426,-0.1183120226259328,0.1183120226259328,0
WNP basin,main track,JTWC,1970,0.00808080808080808,-0.11463545184958299,0.11463545184958299,0
WNP basin,main track,JTWC,1971,-0.0037897113368811483,-0.12344884178012501,0.12344884178012501,0
WNP basin,main track,JTWC,1972,0.010074276444975667,-0.12476012258955523,0.12476012258955523,0
WNP basin,main track,JTWC,1973,0.016199095022624434,-0.13234782633546865,0.13234782633546865,0
WNP basin,main track,JTWC,1974,0.0010084033613445378,-0.14338702963473998,0.14338702963473998,0
WNP basin,main track,JTWC,1975,0.014489795918367347,-0.15421357702544444,0.15421357702544444,0
WNP basin,main track,JTWC,1976,0.0004342162396873643,-0.15592672198011776,0.15592672198011776,0
WNP basin,main track,JTWC,1977,-0.012719703977798334,-0.1556767966699838,0.1556767966699838,0
WNP basin,main track,JTWC,1978,-0.03922294172062905,-0.1630079579076092,0.1630079579076092,0
WNP basin,main track,JTWC,1979,-0.03596837944664032,-0.1714711763522389,0.1714711763522389,0
WNP basin,main track,JTWC,1980,-0.04482029598308668,-0.17723510563811487,0.17723510563811487,0
WNP basin,main track,JTWC,1981,-0.05813953488372093,-0.1823535143051329,0.1823535143051329,0
WNP basin,main track,JTWC,1982,-0.06976744186046512,-0.18768985175441613,0.18768985175441613,0
WNP basin,main track,JTWC,1983,-0.08658536585365853,-0.1889491446570436,0.1889491446570436,0
WNP basin,main track,JTWC,1984,-0.11341463414634147,-0.18959419057538268,0.18959419057538268,0
WNP basin,main track,JTWC,1985,-0.12793522267206478,-0.19388945071199779,0.19388945071199779,0
WNP basin,main track,JTWC,1986,-0.15286136338767917,-0.19348759734951346,0.19348759734951346,0
WNP basin,main track,JTWC,1987,-0.1768610715979137,-0.1892733571812807,0.1892733571812807,0
WNP basin,main track,JTWC,1988,-0.21853281853281853,-0.17268786088328203,0.17268786088328203,-
WNP basin,main track,JTWC,1989,-0.25658263305322127,-0.17732736657266018,0.17732736657266018,-
WNP basin,main track,JTWC,1990,-0.25760122230710464,-0.18818796224331613,0.18818796224331613,-
WNP basin,main track,JTWC,1991,-0.27439839572192515,-0.19608702003715003,0.19608702003715003,-
WNP basin,main track,JTWC,1992,-0.2928885630498534,-0.20688257117952052,0.20688257117952052,-
WNP basin,main track,JTWC,1993,-0.3004032258064516,-0.2242154055625054,0.2242154055625054,-
WNP basin,main track,JTWC,1994,-0.27296996662958845,-0.22423526470648836,0.22423526470648836,-
WNP basin,main track,JTWC,1995,-0.22266009852216748,-0.22895912590865763,0.22895912590865763,0
WNP basin,main track,JTWC,1996,-0.22249589490968802,-0.2505811404352028,0.2505811404352028,0
WNP basin,main track,JTWC,1997,-0.1349206349206349,-0.2238625659929589,0.2238625659929589,0
WNP basin,main track,JTWC,1998,-0.11658119658119658,-0.24328903531366639,0.24328903531366639,0
WNP basin,main track,JTWC,1999,-0.1423076923076923,-0.27262293066940907,0.27262293066940907,0
WNP basin,main track,JTWC,2000,-0.1082608695652174,-0.28572065388658124,0.28572065388658124,0
WNP basin,>=2 fixes,raw total,1951,-0.16351968406762926,-0.09612509680143,0.09612509680143,-
WNP basin,>=2 fixes,raw total,1952,-0.17145797157373466,-0.09665201508134984,0.09665201508134984,-
WNP basin,>=2 fixes,raw total,1953,-0.17867203219315894,-0.09673721060246529,0.09673721060246529,-
WNP basin,>=2 fixes,raw total,1954,-0.19126935526200683,-0.09478492101584038,0.09478492101584038,-
WNP basin,>=2 fixes,raw total,1955,-0.2009134088417976,-0.09550963018942384,0.09550963018942384,-
WNP basin,>=2 fixes,raw total,1956,-0.2059014390960797,-0.09809285477227149,0.09809285477227149,-
WNP basin,>=2 fixes,raw total,1957,-0.20699976055551123,-0.10203737025771552,0.10203737025771552,-
WNP basin,>=2 fixes,raw total,1958,-0.22749191107400063,-0.09912247966792867,0.09912247966792867,-
WNP basin,>=2 fixes,raw total,1959,-0.23229895104895104,-0.100916092001127,0.100916092001127,-
WNP basin,>=2 fixes,raw total,1960,-0.2446657509157509,-0.10171323299312122,0.10171323299312122,-
WNP basin,>=2 fixes,raw total,1961,-0.24865591397849462,-0.10687099165125251,0.10687099165125251,-
WNP basin,>=2 fixes,raw total,1962,-0.23678577724056307,-0.10910009063449726,0.10910009063449726,-
WNP basin,>=2 fixes,raw total,1963,-0.23643574828133262,-0.1130550159503153,0.1130550159503153,-
WNP basin,>=2 fixes,raw total,1964,-0.2441233676021117,-0.12013715980989494,0.12013715980989494,-
WNP basin,>=2 fixes,raw total,1965,-0.23115137346580947,-0.11826800406720904,0.11826800406720904,-
WNP basin,>=2 fixes,raw total,1966,-0.21455596911624472,-0.11597983288219342,0.11597983288219342,-
WNP basin,>=2 fixes,raw total,1967,-0.20326678765880218,-0.1139218304884874,0.1139218304884874,-
WNP basin,>=2 fixes,raw total,1968,-0.17669172932330826,-0.10678340836743354,0.10678340836743354,-
WNP basin,>=2 fixes,raw total,1969,-0.16695526695526697,-0.11216352721338183,0.11216352721338183,-
WNP basin,>=2 fixes,raw total,1970,-0.17671050123880314,-0.12519833667603947,0.12519833667603947,-
WNP basin,>=2 fixes,raw total,1971,-0.14804063860667635,-0.10414185840465595,0.10414185840465595,-
WNP basin,>=2 fixes,raw total,1972,-0.1155980534448903,-0.09669288022520951,0.09669288022520951,-
WNP basin,>=2 fixes,raw total,1973,-0.1118552036199095,-0.10151161931352547,0.10151161931352547,-
WNP basin,>=2 fixes,raw total,1974,-0.12451380552220888,-0.10827845456391214,0.10827845456391214,-
WNP basin,>=2 fixes,raw total,1975,-0.11295918367346938,-0.11512269633787381,0.11512269633787381,0
WNP basin,>=2 fixes,raw total,1976,-0.12619409465914025,-0.11603041618844355,0.11603041618844355,-
WNP basin,>=2 fixes,raw total,1977,-0.13806660499537465,-0.11577469191071671,0.11577469191071671,-
WNP basin,>=2 fixes,raw total,1978,-0.15985198889916744,-0.1226250539901909,0.1226250539901909,-
WNP basin,>=2 fixes,raw total,1979,-0.15085638998682477,-0.1268081437232084,0.1268081437232084,-
WNP basin,>=2 fixes,raw total,1980,-0.14644115574348132,-0.13358869783975383,0.13358869783975383,-
WNP basin,>=2 fixes,raw total,1981,-0.15750528541226216,-0.1386541361498707,0.1386541361498707,-
WNP basin,>=2 fixes,raw total,1982,-0.16270966696377928,-0.1437886638959616,0.1437886638959616,-
WNP basin,>=2 fixes,raw total,1983,-0.19006968641114982,-0.13422719314139234,0.13422719314139234,-
WNP basin,>=2 fixes,raw total,1984,-0.22101313320825516,-0.12962004076578756,0.12962004076578756,-
WNP basin,>=2 fixes,raw total,1985,-0.23582995951417005,-0.13503021380531768,0.13503021380531768,-
WNP basin,>=2 fixes,raw total,1986,-0.23930408140934456,-0.14237266491271358,0.14237266491271358,-
WNP basin,>=2 fixes,raw total,1987,-0.2422949265054528,-0.14919517096774018,0.14919517096774018,-
WNP basin,>=2 fixes,raw total,1988,-0.277992277992278,-0.15003377978833468,0.15003377978833468,-
WNP basin,>=2 fixes,raw total,1989,-0.2834733893557423,-0.1604914516785439,0.1604914516785439,-
WNP basin,>=2 fixes,raw total,1990,-0.26707410236822,-0.16782014696682143,0.16782014696682143,-
WNP basin,>=2 fixes,raw total,1991,-0.2630347593582888,-0.17874758917583639,0.17874758917583639,-
WNP basin,>=2 fixes,raw total,1992,-0.27474340175953077,-0.18970451641317296,0.18970451641317296,-
WNP basin,>=2 fixes,raw total,1993,-0.2806451612903226,-0.20457643251591986,0.20457643251591986,-
WNP basin,>=2 fixes,raw total,1994,-0.2582869855394883,-0.2066074432939049,0.2066074432939049,-
WNP basin,>=2 fixes,raw total,1995,-0.20689655172413793,-0.21203063607598385,0.21203063607598385,0
WNP basin,>=2 fixes,raw total,1996,-0.2134646962233169,-0.23559636479432863,0.23559636479432863,0
WNP basin,>=2 fixes,raw total,1997,-0.1343101343101343,-0.22139483751307576,0.22139483751307576,0
WNP basin,>=2 fixes,raw total,1998,-0.1264957264957265,-0.24015819741728126,0.24015819741728126,0
WNP basin,>=2 fixes,raw total,1999,-0.15538461538461537,-0.27164233969487556,0.27164233969487556,0
WNP basin,>=2 fixes,raw total,2000,-0.11434782608695652,-0.28199793744863827,0.28199793744863827,0
WNP basin,>=2 fixes,all four,1951,-0.13155621374799456,-0.08752677083675864,0.08752677083675864,-
WNP basin,>=2 fixes,all four,1952,-0.14100585246639655,-0.08708097032805723,0.08708097032805723,-
WNP basin,>=2 fixes,all four,1953,-0.14869215291750504,-0.08649942453074813,0.08649942453074813,-
WNP basin,>=2 fixes,all four,1954,-0.161840608870615,-0.08460101438854538,0.08460101438854538,-
WNP basin,>=2 fixes,all four,1955,-0.16956521739130434,-0.08599796990817388,0.08599796990817388,-
WNP basin,>=2 fixes,all four,1956,-0.1725006680154216,-0.08853936086309902,0.08853936086309902,-
WNP basin,>=2 fixes,all four,1957,-0.17275919865911085,-0.09206761931008915,0.09206761931008915,-
WNP basin,>=2 fixes,all four,1958,-0.19098215217618203,-0.0881564109924975,0.0881564109924975,-
WNP basin,>=2 fixes,all four,1959,-0.19912587412587412,-0.08820390653736179,0.08820390653736179,-
WNP basin,>=2 fixes,all four,1960,-0.2107371794871795,-0.0890203699767702,0.0890203699767702,-
WNP basin,>=2 fixes,all four,1961,-0.21394969278033793,-0.09289272986352763,0.09289272986352763,-
WNP basin,>=2 fixes,all four,1962,-0.2044521669058951,-0.0948680364629064,0.0948680364629064,-
WNP basin,>=2 fixes,all four,1963,-0.2034902168164992,-0.09860708029808012,0.09860708029808012,-
WNP basin,>=2 fixes,all four,1964,-0.21564323423173104,-0.10417574736385803,0.10417574736385803,-
WNP basin,>=2 fixes,all four,1965,-0.2059029807130333,-0.1060803411091278,0.1060803411091278,-
WNP basin,>=2 fixes,all four,1966,-0.2020055984496601,-0.10923319211751922,0.10923319211751922,-
WNP basin,>=2 fixes,all four,1967,-0.19542390458905887,-0.11047681788942465,0.11047681788942465,-
WNP basin,>=2 fixes,all four,1968,-0.16825017088174982,-0.10474512558560609,0.10474512558560609,-
WNP basin,>=2 fixes,all four,1969,-0.1619047619047619,-0.1100464400888086,0.1100464400888086,-
WNP basin,>=2 fixes,all four,1970,-0.1733562035448828,-0.12292041272048768,0.12292041272048768,-
WNP basin,>=2 fixes,all four,1971,-0.14658925979680695,-0.1039885098230809,0.1039885098230809,-
WNP basin,>=2 fixes,all four,1972,-0.11401861179885597,-0.096339632209734,0.096339632209734,-
WNP basin,>=2 fixes,all four,1973,-0.11013574660633484,-0.10114987326171575,0.10114987326171575,-
WNP basin,>=2 fixes,all four,1974,-0.12264105642256903,-0.10793800735032837,0.10793800735032837,-
WNP basin,>=2 fixes,all four,1975,-0.11091836734693877,-0.11472311402442867,0.11472311402442867,0
WNP basin,>=2 fixes,all four,1976,-0.12396873643074251,-0.1157354216205758,0.1157354216205758,-
WNP basin,>=2 fixes,all four,1977,-0.1356382978723404,-0.11561690472438382,0.11561690472438382,-
WNP basin,>=2 fixes,all four,1978,-0.157200123342584,-0.12260552521475925,0.12260552521475925,-
WNP basin,>=2 fixes,all four,1979,-0.14795783926218709,-0.12720209586772613,0.12720209586772613,-
WNP basin,>=2 fixes,all four,1980,-0.14644115574348132,-0.13358869783975383,0.13358869783975383,-
WNP basin,>=2 fixes,all four,1981,-0.15750528541226216,-0.1386541361498707,0.1386541361498707,-
WNP basin,>=2 fixes,all four,1982,-0.16270966696377928,-0.1437886638959616,0.1437886638959616,-
WNP basin,>=2 fixes,all four,1983,-0.19006968641114982,-0.13422719314139234,0.13422719314139234,-
WNP basin,>=2 fixes,all four,1984,-0.22101313320825516,-0.12962004076578756,0.12962004076578756,-
WNP basin,>=2 fixes,all four,1985,-0.23582995951417005,-0.13503021380531768,0.13503021380531768,-
WNP basin,>=2 fixes,all four,1986,-0.23930408140934456,-0.14237266491271358,0.14237266491271358,-
WNP basin,>=2 fixes,all four,1987,-0.2422949265054528,-0.14919517096774018,0.14919517096774018,-
WNP basin,>=2 fixes,all four,1988,-0.277992277992278,-0.15003377978833468,0.15003377978833468,-
WNP basin,>=2 fixes,all four,1989,-0.2834733893557423,-0.1604914516785439,0.1604914516785439,-
WNP basin,>=2 fixes,all four,1990,-0.26707410236822,-0.16782014696682143,0.16782014696682143,-
WNP basin,>=2 fixes,all four,1991,-0.2630347593582888,-0.17874758917583639,0.17874758917583639,-
WNP basin,>=2 fixes,all four,1992,-0.27474340175953077,-0.18970451641317296,0.18970451641317296,-
WNP basin,>=2 fixes,all four,1993,-0.2806451612903226,-0.20457643251591986,0.20457643251591986,-
WNP basin,>=2 fixes,all four,1994,-0.2582869855394883,-0.2066074432939049,0.2066074432939049,-
WNP basin,>=2 fixes,all four,1995,-0.20689655172413793,-0.21203063607598385,0.21203063607598385,0
WNP basin,>=2 fixes,all four,1996,-0.2134646962233169,-0.23559636479432863,0.23559636479432863,0
WNP basin,>=2 fixes,all four,1997,-0.1343101343101343,-0.22139483751307576,0.22139483751307576,0
WNP basin,>=2 fixes,all four,1998,-0.1264957264957265,-0.24015819741728126,0.24015819741728126,0
WNP basin,>=2 fixes,all four,1999,-0.15538461538461537,-0.27164233969487556,0.27164233969487556,0
WNP basin,>=2 fixes,all four,2000,-0.11434782608695652,-0.28199793744863827,0.28199793744863827,0
WNP basin,>=2 fixes,JMA+JTWC+CMA,1951,-0.12415154880908305,-0.08481033569004537,0.08481033569004537,-
WNP basin,>=2 fixes,JMA+JTWC+CMA,1952,-0.13290243745578495,-0.08468195225176506,0.08468195225176506,-
WNP basin,>=2 fixes,JMA+JTWC+CMA,1953,-0.1398390342052314,-0.0844696777049686,0.0844696777049686,-
WNP basin,>=2 fixes,JMA+JTWC+CMA,1954,-0.1521826611844983,-0.08306605269026382,0.08306605269026382,-
WNP basin,>=2 fixes,JMA+JTWC+CMA,1955,-0.15904274753379613,-0.08475980483909976,0.08475980483909976,-
WNP basin,>=2 fixes,JMA+JTWC+CMA,1956,-0.1610489750734817,-0.08736865022578214,0.08736865022578214,-
WNP basin,>=2 fixes,JMA+JTWC+CMA,1957,-0.160308085242238,-0.0913281054392266,0.0913281054392266,-
WNP basin,>=2 fixes,JMA+JTWC+CMA,1958,-0.17745538044045506,-0.08831928209330782,0.08831928209330782,-
WNP basin,>=2 fixes,JMA+JTWC+CMA,1959,-0.18444055944055945,-0.08898496560136213,0.08898496560136213,-
WNP basin,>=2 fixes,JMA+JTWC+CMA,1960,-0.19480311355311355,-0.09049314920607278,0.09049314920607278,-
WNP basin,>=2 fixes,JMA+JTWC+CMA,1961,-0.19666858678955454,-0.09403887227869294,0.09403887227869294,-
WNP basin,>=2 fixes,JMA+JTWC+CMA,1962,-0.18888972828687264,-0.09782242296095667,0.09782242296095667,-
WNP basin,>=2 fixes,JMA+JTWC+CMA,1963,-0.1947646747752512,-0.09950730802563415,0.09950730802563415,-
WNP basin,>=2 fixes,JMA+JTWC+CMA,1964,-0.20600166712975826,-0.10265543270376813,0.10265543270376813,-
WNP basin,>=2 fixes,JMA+JTWC+CMA,1965,-0.20403272939801287,-0.10611079518501573,0.10611079518501573,-
WNP basin,>=2 fixes,JMA+JTWC+CMA,1966,-0.2014826663385524,-0.10955252506787799,0.10955252506787799,-
WNP basin,>=2 fixes,JMA+JTWC+CMA,1967,-0.19451646357272492,-0.11051580944169581,0.11051580944169581,-
WNP basin,>=2 fixes,JMA+JTWC+CMA,1968,-0.16691729323308271,-0.10542072396447101,0.10542072396447101,-
WNP basin,>=2 fixes,JMA+JTWC+CMA,1969,-0.1621212121212121,-0.1105055745135337,0.1105055745135337,-
WNP basin,>=2 fixes,JMA+JTWC+CMA,1970,-0.17320373546788642,-0.1225780891624887,0.1225780891624887,-
WNP basin,>=2 fixes,JMA+JTWC+CMA,1971,-0.14820190291888405,-0.10558245639552175,0.10558245639552175,-
WNP basin,>=2 fixes,JMA+JTWC+CMA,1972,-0.1153419277725604,-0.09764252179876297,0.09764252179876297,-
WNP basin,>=2 fixes,JMA+JTWC+CMA,1973,-0.11113122171945701,-0.102554577728365,0.102554577728365,-
WNP basin,>=2 fixes,JMA+JTWC+CMA,1974,-0.12326530612244897,-0.10955097113415108,0.10955097113415108,-
WNP basin,>=2 fixes,JMA+JTWC+CMA,1975,-0.11112244897959184,-0.11637586110731206,0.11637586110731206,0
WNP basin,>=2 fixes,JMA+JTWC+CMA,1976,-0.12369735128093791,-0.11710976021749199,0.11710976021749199,-
WNP basin,>=2 fixes,JMA+JTWC+CMA,1977,-0.13760407030527289,-0.11581918324225145,0.11581918324225145,-
WNP basin,>=2 fixes,JMA+JTWC+CMA,1978,-0.1588035769349368,-0.12302878639441833,0.12302878639441833,-
WNP basin,>=2 fixes,JMA+JTWC+CMA,1979,-0.14914361001317522,-0.12806830768974867,0.12806830768974867,-
WNP basin,>=2 fixes,JMA+JTWC+CMA,1980,-0.1503171247357294,-0.13402162672695334,0.13402162672695334,-
WNP basin,>=2 fixes,JMA+JTWC+CMA,1981,-0.1611295681063123,-0.1392095966025382,0.1392095966025382,-
WNP basin,>=2 fixes,JMA+JTWC+CMA,1982,-0.1660319260999919,-0.1445607809727002,0.1445607809727002,-
WNP basin,>=2 fixes,JMA+JTWC+CMA,1983,-0.19303135888501743,-0.1354900919100039,0.1354900919100039,-
WNP basin,>=2 fixes,JMA+JTWC+CMA,1984,-0.22354596622889306,-0.1314023098517063,0.1314023098517063,-
WNP basin,>=2 fixes,JMA+JTWC+CMA,1985,-0.23785425101214575,-0.13623039577180898,0.13623039577180898,-
WNP basin,>=2 fixes,JMA+JTWC+CMA,1986,-0.2449939818360871,-0.14295326124155114,0.14295326124155114,-
WNP basin,>=2 fixes,JMA+JTWC+CMA,1987,-0.25225225225225223,-0.1477262848383369,0.1477262848383369,-
WNP basin,>=2 fixes,JMA+JTWC+CMA,1988,-0.28815958815958814,-0.1482545914295713,0.1482545914295713,-
WNP basin,>=2 fixes,JMA+JTWC+CMA,1989,-0.2938375350140056,-0.15855693992838948,0.15855693992838948,-
WNP basin,>=2 fixes,JMA+JTWC+CMA,1990,-0.2776165011459129,-0.16586863243170627,0.16586863243170627,-
WNP basin,>=2 fixes,JMA+JTWC+CMA,1991,-0.2737299465240642,-0.1766611130520983,0.1766611130520983,-
WNP basin,>=2 fixes,JMA+JTWC+CMA,1992,-0.28555718475073316,-0.1874356671476054,0.1874356671476054,-
WNP basin,>=2 fixes,JMA+JTWC+CMA,1993,-0.2915322580645161,-0.20207083760751332,0.20207083760751332,-
WNP basin,>=2 fixes,JMA+JTWC+CMA,1994,-0.26918798665183535,-0.20401414100192536,0.20401414100192536,-
WNP basin,>=2 fixes,JMA+JTWC+CMA,1995,-0.21773399014778325,-0.20918815163174065,0.20918815163174065,-
WNP basin,>=2 fixes,JMA+JTWC+CMA,1996,-0.22413793103448276,-0.23188863004988874,0.23188863004988874,0
WNP basin,>=2 fixes,JMA+JTWC+CMA,1997,-0.1446886446886447,-0.21713241175107195,0.21713241175107195,0
WNP basin,>=2 fixes,JMA+JTWC+CMA,1998,-0.13641025641025642,-0.23551115216633045,0.23551115216633045,0
WNP basin,>=2 fixes,JMA+JTWC+CMA,1999,-0.1646153846153846,-0.2660215406048225,0.2660215406048225,0
WNP basin,>=2 fixes,JMA+JTWC+CMA,2000,-0.12260869565217392,-0.27527088752927026,0.27527088752927026,0
WNP basin,>=2 fixes,JMA,1951,-0.04279279279279279,-0.0638465591644771,0.0638465591644771,0
WNP basin,>=2 fixes,JMA,1952,-0.05035693613737218,-0.06446239917830925,0.06446239917830925,0
WNP basin,>=2 fixes,JMA,1953,-0.05248155600268276,-0.06594154393492442,0.06594154393492442,0
WNP basin,>=2 fixes,JMA,1954,-0.05845507829586213,-0.06588654519301972,0.06588654519301972,0
WNP basin,>=2 fixes,JMA,1955,-0.06744610887833394,-0.06644478455329185,0.06644478455329185,-
WNP basin,>=2 fixes,JMA,1956,-0.06926365614383326,-0.0680873351555172,0.0680873351555172,-
WNP basin,>=2 fixes,JMA,1957,-0.07793918109984835,-0.0670455337735003,0.0670455337735003,-
WNP basin,>=2 fixes,JMA,1958,-0.08731865149775597,-0.06862245838756852,0.06862245838756852,-
WNP basin,>=2 fixes,JMA,1959,-0.08592657342657342,-0.07124502211411748,0.07124502211411748,-
WNP basin,>=2 fixes,JMA,1960,-0.09468864468864469,-0.07195750558346245,0.07195750558346245,-
WNP basin,>=2 fixes,JMA,1961,-0.09802227342549923,-0.07405097466115033,0.07405097466115033,-
WNP basin,>=2 fixes,JMA,1962,-0.09994711792702274,-0.07657600805167207,0.07657600805167207,-
WNP basin,>=2 fixes,JMA,1963,-0.09862506610259122,-0.07953214633231355,0.07953214633231355,-
WNP basin,>=2 fixes,JMA,1964,-0.10716865796054459,-0.08324104797402192,0.08324104797402192,-
WNP basin,>=2 fixes,JMA,1965,-0.10064289888953828,-0.0848111756038739,0.0848111756038739,-
WNP basin,>=2 fixes,JMA,1966,-0.09505060137192778,-0.08610873817250339,0.08610873817250339,-
WNP basin,>=2 fixes,JMA,1967,-0.08303085299455536,-0.08235506257970497,0.08235506257970497,-
WNP basin,>=2 fixes,JMA,1968,-0.06172248803827751,-0.08101387017580261,0.08101387017580261,0
WNP basin,>=2 fixes,JMA,1969,-0.06212121212121212,-0.08411523396805969,0.08411523396805969,0
WNP basin,>=2 fixes,JMA,1970,-0.07920716599961883,-0.08272765960539566,0.08272765960539566,0
WNP basin,>=2 fixes,JMA,1971,-0.0850669246895662,-0.08856030166213806,0.08856030166213806,0
WNP basin,>=2 fixes,JMA,1972,-0.06654998719371638,-0.08518146661346494,0.08518146661346494,0
WNP basin,>=2 fixes,JMA,1973,-0.05737556561085973,-0.09053648091750323,0.09053648091750323,0
WNP basin,>=2 fixes,JMA,1974,-0.07140456182472989,-0.09700576333869214,0.09700576333869214,0
WNP basin,>=2 fixes,JMA,1975,-0.05897959183673469,-0.1041929322070894,0.1041929322070894,0
WNP basin,>=2 fixes,JMA,1976,-0.07403386886669562,-0.1053154172856252,0.1053154172856252,0
WNP basin,>=2 fixes,JMA,1977,-0.0797872340425532,-0.10800598005290363,0.10800598005290363,0
WNP basin,>=2 fixes,JMA,1978,-0.09768732654949121,-0.11390677905396784,0.11390677905396784,0
WNP basin,>=2 fixes,JMA,1979,-0.09051383399209487,-0.12046345808389716,0.12046345808389716,0
WNP basin,>=2 fixes,JMA,1980,-0.1010570824524313,-0.12324051731900841,0.12324051731900841,0
WNP basin,>=2 fixes,JMA,1981,-0.11280579885231048,-0.1297522484863619,0.1297522484863619,0
WNP basin,>=2 fixes,JMA,1982,-0.10850012154606596,-0.13689595237526597,0.13689595237526597,0
WNP basin,>=2 fixes,JMA,1983,-0.11777003484320557,-0.1408631185882439,0.1408631185882439,0
WNP basin,>=2 fixes,JMA,1984,-0.13574108818011257,-0.14551013405447613,0.14551013405447613,0
WNP basin,>=2 fixes,JMA,1985,-0.13987854251012147,-0.153089905340047,0.153089905340047,0
WNP basin,>=2 fixes,JMA,1986,-0.1441076704234599,-0.16204389278959988,0.16204389278959988,0
WNP basin,>=2 fixes,JMA,1987,-0.13940256045519203,-0.17327866024428362,0.17327866024428362,0
WNP basin,>=2 fixes,JMA,1988,-0.16177606177606177,-0.18771103473509732,0.18771103473509732,0
WNP basin,>=2 fixes,JMA,1989,-0.14705882352941177,-0.19334719550089044,0.19334719550089044,0
WNP basin,>=2 fixes,JMA,1990,-0.12345301757066462,-0.19842946670386544,0.19842946670386544,0
WNP basin,>=2 fixes,JMA,1991,-0.11163101604278075,-0.20828664865413746,0.20828664865413746,0
WNP basin,>=2 fixes,JMA,1992,-0.0967741935483871,-0.2161512084151009,0.2161512084151009,0
WNP basin,>=2 fixes,JMA,1993,-0.06532258064516129,-0.21961478658218123,0.21961478658218123,0
WNP basin,>=2 fixes,JMA,1994,-0.047385984427141266,-0.22238614833646195,0.22238614833646195,0
WNP basin,>=2 fixes,JMA,1995,0.03399014778325123,-0.21169944154056394,0.21169944154056394,0
WNP basin,>=2 fixes,JMA,1996,0.03065134099616858,-0.2297066379390753,0.2297066379390753,0
WNP basin,>=2 fixes,JMA,1997,0.051892551892551896,-0.2369308206628027,0.2369308206628027,0
WNP basin,>=2 fixes,JMA,1998,0.09641025641025641,-0.28039051431746864,0.28039051431746864,0
WNP basin,>=2 fixes,JMA,1999,0.031538461538461536,-0.2845193422911628,0.2845193422911628,0
WNP basin,>=2 fixes,JMA,2000,0.01391304347826087,-0.30904104728360926,0.30904104728360926,0
WNP basin,>=2 fixes,JMA+JTWC,1951,0.043872639763050725,-0.07499885054521443,0.07499885054521443,0
WNP basin,>=2 fixes,JMA+JTWC,1952,0.0357257701459901,-0.07645173482353146,0.07645173482353146,0
WNP basin,>=2 fixes,JMA+JTWC,1953,0.03527833668678739,-0.07867642708036261,0.07867642708036261,0
WNP basin,>=2 fixes,JMA+JTWC,1954,0.02977867203219316,-0.0792145926291415,0.0792145926291415,0
WNP basin,>=2 fixes,JMA+JTWC,1955,0.019912312751187433,-0.08069869763768031,0.08069869763768031,0
WNP basin,>=2 fixes,JMA+JTWC,1956,0.01965873955033019,-0.08328603222813881,0.08328603222813881,0
WNP basin,>=2 fixes,JMA+JTWC,1957,0.011213983558145103,-0.08273680331047786,0.08273680331047786,0
WNP basin,>=2 fixes,JMA+JTWC,1958,0.0005636154889886233,-0.08439096150213664,0.08439096150213664,0
WNP basin,>=2 fixes,JMA+JTWC,1959,0.00043706293706293706,-0.08723989452327931,0.08723989452327931,0
WNP basin,>=2 fixes,JMA+JTWC,1960,-0.008630952380952382,-0.08886346928749003,0.08886346928749003,0
WNP basin,>=2 fixes,JMA+JTWC,1961,-0.010896697388632873,-0.09183300591733703,0.09183300591733703,0
WNP basin,>=2 fixes,JMA+JTWC,1962,-0.010198685502757423,-0.09487345767143195,0.09487345767143195,0
WNP basin,>=2 fixes,JMA+JTWC,1963,-0.009413008989952407,-0.09845554606235245,0.09845554606235245,0
WNP basin,>=2 fixes,JMA+JTWC,1964,-0.018699638788552377,-0.1052840282347679,0.1052840282347679,0
WNP basin,>=2 fixes,JMA+JTWC,1965,-0.0061367621274108705,-0.10533039588851345,0.10533039588851345,0
WNP basin,>=2 fixes,JMA+JTWC,1966,0.0005229321111076933,-0.10728591310535981,0.10728591310535981,0
WNP basin,>=2 fixes,JMA+JTWC,1967,0.009787399533316048,-0.1070514570817002,0.1070514570817002,0
WNP basin,>=2 fixes,JMA+JTWC,1968,0.027853725222146276,-0.11006669284732713,0.11006669284732713,0
WNP basin,>=2 fixes,JMA+JTWC,1969,0.023665223665223667,-0.11295859243083477,0.11295859243083477,0
WNP basin,>=2 fixes,JMA+JTWC,1970,0.002172670097198399,-0.10894877370299823,0.10894877370299823,0
WNP basin,>=2 fixes,JMA+JTWC,1971,-0.00878890501532011,-0.11735163136351287,0.11735163136351287,0
WNP basin,>=2 fixes,JMA+JTWC,1972,0.006104328523862375,-0.11766472889161532,0.11766472889161532,0
WNP basin,>=2 fixes,JMA+JTWC,1973,0.013393665158371041,-0.12525828755144125,0.12525828755144125,0
WNP basin,>=2 fixes,JMA+JTWC,1974,-0.002929171668667467,-0.1350806440768764,0.1350806440768764,0
WNP basin,>=2 fixes,JMA+JTWC,1975,0.009285714285714286,-0.14536965125352527,0.14536965125352527,0
WNP basin,>=2 fixes,JMA+JTWC,1976,-0.0061875814155449415,-0.14556808107029115,0.14556808107029115,0
WNP basin,>=2 fixes,JMA+JTWC,1977,-0.02092969472710453,-0.14451152544437926,0.14451152544437926,0
WNP basin,>=2 fixes,JMA+JTWC,1978,-0.04341658957755165,-0.15213969171511008,0.15213969171511008,0
WNP basin,>=2 fixes,JMA+JTWC,1979,-0.0386034255599473,-0.1603815278573506,0.1603815278573506,0
WNP basin,>=2 fixes,JMA+JTWC,1980,-0.04883720930232558,-0.16487250387624441,0.16487250387624441,0
WNP basin,>=2 fixes,JMA+JTWC,1981,-0.06372697070371489,-0.1693851658638619,0.1693851658638619,0
WNP basin,>=2 fixes,JMA+JTWC,1982,-0.07365691597115306,-0.17460718010021567,0.17460718010021567,0
WNP basin,>=2 fixes,JMA+JTWC,1983,-0.0921602787456446,-0.17373050827998643,0.17373050827998643,0
WNP basin,>=2 fixes,JMA+JTWC,1984,-0.12091932457786116,-0.17165771182445738,0.17165771182445738,0
WNP basin,>=2 fixes,JMA+JTWC,1985,-0.13765182186234817,-0.17331550004490576,0.17331550004490576,0
WNP basin,>=2 fixes,JMA+JTWC,1986,-0.16511653353758618,-0.1729023849534529,0.1729023849534529,0
WNP basin,>=2 fixes,JMA+JTWC,1987,-0.18302513039355145,-0.17276862862482728,0.17276862862482728,-
WNP basin,>=2 fixes,JMA+JTWC,1988,-0.22226512226512227,-0.16656545623408192,0.16656545623408192,-
WNP basin,>=2 fixes,JMA+JTWC,1989,-0.242296918767507,-0.17524700298352033,0.17524700298352033,-
WNP basin,>=2 fixes,JMA+JTWC,1990,-0.24339190221543164,-0.18591505207497117,0.18591505207497117,-
WNP basin,>=2 fixes,JMA+JTWC,1991,-0.26036096256684493,-0.1936660736801259,0.1936660736801259,-
WNP basin,>=2 fixes,JMA+JTWC,1992,-0.2791422287390029,-0.20422126256291503,0.20422126256291503,-
WNP basin,>=2 fixes,JMA+JTWC,1993,-0.2870967741935484,-0.22123835243269796,0.22123835243269796,-
WNP basin,>=2 fixes,JMA+JTWC,1994,-0.26028921023359286,-0.22192709940826658,0.22192709940826658,-
WNP basin,>=2 fixes,JMA+JTWC,1995,-0.21083743842364533,-0.2272620923715074,0.2272620923715074,0
WNP basin,>=2 fixes,JMA+JTWC,1996,-0.21182266009852216,-0.2489433870751812,0.2489433870751812,0
WNP basin,>=2 fixes,JMA+JTWC,1997,-0.12576312576312576,-0.22550443605138398,0.22550443605138398,0
WNP basin,>=2 fixes,JMA+JTWC,1998,-0.1094017094017094,-0.2451065017779947,0.2451065017779947,0
WNP basin,>=2 fixes,JMA+JTWC,1999,-0.1376923076923077,-0.2738909979735804,0.2738909979735804,0
WNP basin,>=2 fixes,JMA+JTWC,2000,-0.10695652173913044,-0.28962760880005556,0.28962760880005556,0
WNP basin,>=2 fixes,JTWC,1951,0.07713192644699494,-0.08336286538257498,0.08336286538257498,0
WNP basin,>=2 fixes,JTWC,1952,0.06675670461122901,-0.08586094775911024,0.08586094775911024,0
WNP basin,>=2 fixes,JTWC,1953,0.06867873910127431,-0.08871962532551059,0.08871962532551059,0
WNP basin,>=2 fixes,JTWC,1954,0.064473799317645,-0.09004056250956048,0.09004056250956048,0
WNP basin,>=2 fixes,JTWC,1955,0.05341614906832298,-0.08908900280876131,0.08908900280876131,0
WNP basin,>=2 fixes,JTWC,1956,0.04655113180898576,-0.08979184761932457,0.08979184761932457,0
WNP basin,>=2 fixes,JTWC,1957,0.03898954425732301,-0.08992145382107826,0.08992145382107826,0
WNP basin,>=2 fixes,JTWC,1958,0.029266256131927775,-0.08890678799371814,0.08890678799371814,0
WNP basin,>=2 fixes,JTWC,1959,0.018575174825174824,-0.08806086045129288,0.08806086045129288,0
WNP basin,>=2 fixes,JTWC,1960,0.009798534798534798,-0.08943149928210177,0.08943149928210177,0
WNP basin,>=2 fixes,JTWC,1961,0.006288402457757297,-0.09193892262091588,0.09193892262091588,0
WNP basin,>=2 fixes,JTWC,1962,0.002417466193246204,-0.09503984548591758,0.09503984548591758,0
WNP basin,>=2 fixes,JTWC,1963,0.003067160232681121,-0.0985290728281508,0.0985290728281508,0
WNP basin,>=2 fixes,JTWC,1964,-0.004695748819116421,-0.10571862312059994,0.10571862312059994,0
WNP basin,>=2 fixes,JTWC,1965,0.009526592635885447,-0.10434751490300265,0.10434751490300265,0
WNP basin,>=2 fixes,JTWC,1966,0.017995016764588267,-0.10692725336995144,0.10692725336995144,0
WNP basin,>=2 fixes,JTWC,1967,0.019834067928441793,-0.11072092482763153,0.11072092482763153,0
WNP basin,>=2 fixes,JTWC,1968,0.031578947368421054,-0.11454557803429187,0.11454557803429187,0
WNP basin,>=2 fixes,JTWC,1969,0.028427128427128426,-0.1183120226259328,0.1183120226259328,0
WNP basin,>=2 fixes,JTWC,1970,0.00808080808080808,-0.11463545184958299,0.11463545184958299,0
WNP basin,>=2 fixes,JTWC,1971,-0.0037897113368811483,-0.12344884178012501,0.12344884178012501,0
WNP basin,>=2 fixes,JTWC,1972,0.010074276444975667,-0.12476012258955523,0.12476012258955523,0
WNP basin,>=2 fixes,JTWC,1973,0.016199095022624434,-0.13234782633546865,0.13234782633546865,0
WNP basin,>=2 fixes,JTWC,1974,0.0010084033613445378,-0.14338702963473998,0.14338702963473998,0
WNP basin,>=2 fixes,JTWC,1975,0.014489795918367347,-0.15421357702544444,0.15421357702544444,0
WNP basin,>=2 fixes,JTWC,1976,0.0004342162396873643,-0.15592672198011776,0.15592672198011776,0
WNP basin,>=2 fixes,JTWC,1977,-0.012719703977798334,-0.1556767966699838,0.1556767966699838,0
WNP basin,>=2 fixes,JTWC,1978,-0.03922294172062905,-0.1630079579076092,0.1630079579076092,0
WNP basin,>=2 fixes,JTWC,1979,-0.03596837944664032,-0.1714711763522389,0.1714711763522389,0
WNP basin,>=2 fixes,JTWC,1980,-0.04482029598308668,-0.17723510563811487,0.17723510563811487,0
WNP basin,>=2 fixes,JTWC,1981,-0.05813953488372093,-0.1823535143051329,0.1823535143051329,0
WNP basin,>=2 fixes,JTWC,1982,-0.06976744186046512,-0.18768985175441613,0.18768985175441613,0
WNP basin,>=2 fixes,JTWC,1983,-0.08658536585365853,-0.1889491446570436,0.1889491446570436,0
WNP basin,>=2 fixes,JTWC,1984,-0.11341463414634147,-0.18959419057538268,0.18959419057538268,0
WNP basin,>=2 fixes,JTWC,1985,-0.12793522267206478,-0.19388945071199779,0.19388945071199779,0
WNP basin,>=2 fixes,JTWC,1986,-0.15286136338767917,-0.19348759734951346,0.19348759734951346,0
WNP basin,>=2 fixes,JTWC,1987,-0.1768610715979137,-0.1892733571812807,0.1892733571812807,0
WNP basin,>=2 fixes,JTWC,1988,-0.21853281853281853,-0.17268786088328203,0.17268786088328203,-
WNP basin,>=2 fixes,JTWC,1989,-0.25658263305322127,-0.17732736657266018,0.17732736657266018,-
WNP basin,>=2 fixes,JTWC,1990,-0.25760122230710464,-0.18818796224331613,0.18818796224331613,-
WNP basin,>=2 fixes,JTWC,1991,-0.27439839572192515,-0.19608702003715003,0.19608702003715003,-
WNP basin,>=2 fixes,JTWC,1992,-0.2928885630498534,-0.20688257117952052,0.20688257117952052,-
WNP basin,>=2 fixes,JTWC,1993,-0.3004032258064516,-0.2242154055625054,0.2242154055625054,-
WNP basin,>=2 fixes,JTWC,1994,-0.27296996662958845,-0.22423526470648836,0.22423526470648836,-
WNP basin,>=2 fixes,JTWC,1995,-0.22266009852216748,-0.22895912590865763,0.22895912590865763,0
WNP basin,>=2 fixes,JTWC,1996,-0.22249589490968802,-0.2505811404352028,0.2505811404352028,0
WNP basin,>=2 fixes,JTWC,1997,-0.1349206349206349,-0.2238625659929589,0.2238625659929589,0
WNP basin,>=2 fixes,JTWC,1998,-0.11658119658119658,-0.24328903531366639,0.24328903531366639,0
WNP basin,>=2 fixes,JTWC,1999,-0.1423076923076923,-0.27262293066940907,0.27262293066940907,0
WNP basin,>=2 fixes,JTWC,2000,-0.1082608695652174,-0.28572065388658124,0.28572065388658124,0
WNP basin,tropical nature,raw total,1951,-0.17598420338146364,-0.09477809110388165,0.09477809110388165,-
WNP basin,tropical nature,raw total,1952,-0.18378995433789955,-0.09535747481658502,0.09535747481658502,-
WNP basin,tropical nature,raw total,1953,-0.1908450704225352,-0.09552630940314448,0.09552630940314448,-
WNP basin,tropical nature,raw total,1954,-0.20325430845945236,-0.09372585279187039,0.09372585279187039,-
WNP basin,tropical nature,raw total,1955,-0.21267811472415052,-0.09455108722825724,0.09455108722825724,-
WNP basin,tropical nature,raw total,1956,-0.2174103905027293,-0.09716485392459463,0.09716485392459463,-
WNP basin,tropical nature,raw total,1957,-0.21821374411365632,-0.10117248319674793,0.10117248319674793,-
WNP basin,tropical nature,raw total,1958,-0.23836760254670702,-0.0985873049142198,0.0985873049142198,-
WNP basin,tropical nature,raw total,1959,-0.24278846153846154,-0.10055406710499071,0.10055406710499071,-
WNP basin,tropical nature,raw total,1960,-0.2547161172161172,-0.10162048114285908,0.10162048114285908,-
WNP basin,tropical nature,raw total,1961,-0.2582085253456221,-0.10669358393898523,0.10669358393898523,-
WNP basin,tropical nature,raw total,1962,-0.2457757296466974,-0.10860094230055452,0.10860094230055452,-
WNP basin,tropical nature,raw total,1963,-0.24479111581173982,-0.11260181438043236,0.11260181438043236,-
WNP basin,tropical nature,raw total,1964,-0.25176437899416504,-0.11962136914673521,0.11962136914673521,-
WNP basin,tropical nature,raw total,1965,-0.23798947983635302,-0.11706542288441088,0.11706542288441088,-
WNP basin,tropical nature,raw total,1966,-0.22049278661293795,-0.11395509107554276,0.11395509107554276,-
WNP basin,tropical nature,raw total,1967,-0.20819289603318641,-0.11083728413494387,0.11083728413494387,-
WNP basin,tropical nature,raw total,1968,-0.1804853041695147,-0.10220913606065034,0.10220913606065034,-
WNP basin,tropical nature,raw total,1969,-0.16948051948051948,-0.10696651183056274,0.10696651183056274,-
WNP basin,tropical nature,raw total,1970,-0.17781589479702686,-0.11875850673671062,0.11875850673671062,-
WNP basin,tropical nature,raw total,1971,-0.14755684567005323,-0.09484672726721144,0.09484672726721144,-
WNP basin,tropical nature,raw total,1972,-0.11333561000597626,-0.08425883049407894,0.08425883049407894,-
WNP basin,tropical nature,raw total,1973,-0.10760180995475113,-0.08838159973624282,0.08838159973624282,-
WNP basin,tropical nature,raw total,1974,-0.118031212484994,-0.09446573895659034,0.09446573895659034,-
WNP basin,tropical nature,raw total,1975,-0.10397959183673469,-0.09944034159452976,0.09944034159452976,-
WNP basin,tropical nature,raw total,1976,-0.1144159791576205,-0.1008638612104969,0.1008638612104969,-
WNP basin,tropical nature,raw total,1977,-0.1259250693802035,-0.10077041600758953,0.10077041600758953,-
WNP basin,tropical nature,raw total,1978,-0.1444341658957755,-0.10777619464929351,0.10777619464929351,-
WNP basin,tropical nature,raw total,1979,-0.13175230566534915,-0.10944351067918787,0.10944351067918787,-
WNP basin,tropical nature,raw total,1980,-0.12318534178999295,-0.11477083671197728,0.11477083671197728,-
WNP basin,tropical nature,raw total,1981,-0.12956810631229235,-0.12028300832776476,0.12028300832776476,-
WNP basin,tropical nature,raw total,1982,-0.12948707560165304,-0.12637177880849404,0.12637177880849404,-
WNP basin,tropical nature,raw total,1983,-0.1508710801393728,-0.12282110233974822,0.12282110233974822,-
WNP basin,tropical nature,raw total,1984,-0.175046904315197,-0.12392246730537596,0.12392246730537596,-
WNP basin,tropical nature,raw total,1985,-0.18218623481781376,-0.1310701427063033,0.1310701427063033,-
WNP basin,tropical nature,raw total,1986,-0.1769340190392822,-0.1378312895831485,0.1378312895831485,-
WNP basin,tropical nature,raw total,1987,-0.17449027975343764,-0.14614662756875335,0.14614662756875335,-
WNP basin,tropical nature,raw total,1988,-0.19935649935649935,-0.15458214253296387,0.15458214253296387,-
WNP basin,tropical nature,raw total,1989,-0.19243697478991598,-0.16152533889147505,0.16152533889147505,-
WNP basin,tropical nature,raw total,1990,-0.16180290297937358,-0.15921780263138918,0.15921780263138918,-
WNP basin,tropical nature,raw total,1991,-0.1413770053475936,-0.16634076749160467,0.16634076749160467,0
WNP basin,tropical nature,raw total,1992,-0.14021260997067447,-0.17727075448823088,0.17727075448823088,0
WNP basin,tropical nature,raw total,1993,-0.13790322580645162,-0.18921922382158185,0.18921922382158185,0
WNP basin,tropical nature,raw total,1994,-0.13414905450500555,-0.2023112259436299,0.2023112259436299,0
WNP basin,tropical nature,raw total,1995,-0.06206896551724138,-0.20026068602146424,0.20026068602146424,0
WNP basin,tropical nature,raw total,1996,-0.07608100711548987,-0.2209484237814645,0.2209484237814645,0
WNP basin,tropical nature,raw total,1997,-0.04151404151404151,-0.2298721455142628,0.2298721455142628,0
WNP basin,tropical nature,raw total,1998,-0.03487179487179487,-0.2513489878508786,0.2513489878508786,0
WNP basin,tropical nature,raw total,1999,-0.11615384615384615,-0.248136775724571,0.248136775724571,0
WNP basin,tropical nature,raw total,2000,-0.13130434782608696,-0.27370589629984254,0.27370589629984254,0
WNP basin,tropical nature,all four,1951,-0.14402073306182894,-0.08525090773819487,0.08525090773819487,-
WNP basin,tropical nature,all four,1952,-0.15333783523056146,-0.08484737426023803,0.08484737426023803,-
WNP basin,tropical nature,all four,1953,-0.16086519114688128,-0.08432736167849741,0.08432736167849741,-
WNP basin,tropical nature,all four,1954,-0.17382556206806055,-0.08253995036183367,0.08253995036183367,-
WNP basin,tropical nature,all four,1955,-0.1813299232736573,-0.08396781189707385,0.08396781189707385,-
WNP basin,tropical nature,all four,1956,-0.18400961942207122,-0.08647648675126778,0.08647648675126778,-
WNP basin,tropical nature,all four,1957,-0.18397318221725598,-0.08997750487815193,0.08997750487815193,-
WNP basin,tropical nature,all four,1958,-0.20185784364888842,-0.08636573545332857,0.08636573545332857,-
WNP basin,tropical nature,all four,1959,-0.20961538461538462,-0.08660777050127637,0.08660777050127637,-
WNP basin,tropical nature,all four,1960,-0.22078754578754578,-0.08761650753755201,0.08761650753755201,-
WNP basin,tropical nature,all four,1961,-0.22350230414746544,-0.09136273334422142,0.09136273334422142,-
WNP basin,tropical nature,all four,1962,-0.21344211931202942,-0.09303162944196422,0.09303162944196422,-
WNP basin,tropical nature,all four,1963,-0.2118455843469064,-0.09678459995808714,0.09678459995808714,-
WNP basin,tropical nature,all four,1964,-0.22328424562378438,-0.10237455462935285,0.10237455462935285,-
WNP basin,tropical nature,all four,1965,-0.21274108708357686,-0.10381693854506405,0.10381693854506405,-
WNP basin,tropical nature,all four,1966,-0.20794241594635332,-0.10660791695596786,0.10660791695596786,-
WNP basin,tropical nature,all four,1967,-0.2003500129634431,-0.10685661555369319,0.10685661555369319,-
WNP basin,tropical nature,all four,1968,-0.17204374572795625,-0.09959828814033281,0.09959828814033281,-
WNP basin,tropical nature,all four,1969,-0.16443001443001443,-0.10447014316689197,0.10447014316689197,-
WNP basin,tropical nature,all four,1970,-0.17446159710310655,-0.11620731864281535,0.11620731864281535,-
WNP basin,tropical nature,all four,1971,-0.14610546686018383,-0.0944774046698441,0.0944774046698441,-
WNP basin,tropical nature,all four,1972,-0.11175616835994194,-0.08365993713455615,0.08365993713455615,-
WNP basin,tropical nature,all four,1973,-0.10588235294117647,-0.087744589832637,0.087744589832637,-
WNP basin,tropical nature,all four,1974,-0.11615846338535414,-0.09380629822052612,0.09380629822052612,-
WNP basin,tropical nature,all four,1975,-0.10193877551020408,-0.09867394696482111,0.09867394696482111,-
WNP basin,tropical nature,all four,1976,-0.11219062092922276,-0.1001645532306279,0.1001645532306279,-
WNP basin,tropical nature,all four,1977,-0.12349676225716928,-0.10017408523727658,0.10017408523727658,-
WNP basin,tropical nature,all four,1978,-0.14178230033919212,-0.10723225005122379,0.10723225005122379,-
WNP basin,tropical nature,all four,1979,-0.12885375494071147,-0.10938992764990745,0.10938992764990745,-
WNP basin,tropical nature,all four,1980,-0.12318534178999295,-0.11477083671197728,0.11477083671197728,-
WNP basin,tropical nature,all four,1981,-0.12956810631229235,-0.12028300832776476,0.12028300832776476,-
WNP basin,tropical nature,all four,1982,-0.12948707560165304,-0.12637177880849404,0.12637177880849404,-
WNP basin,tropical nature,all four,1983,-0.1508710801393728,-0.12282110233974822,0.12282110233974822,-
WNP basin,tropical nature,all four,1984,-0.175046904315197,-0.12392246730537596,0.12392246730537596,-
WNP basin,tropical nature,all four,1985,-0.18218623481781376,-0.1310701427063033,0.1310701427063033,-
WNP basin,tropical nature,all four,1986,-0.1769340190392822,-0.1378312895831485,0.1378312895831485,-
WNP basin,tropical nature,all four,1987,-0.17449027975343764,-0.14614662756875335,0.14614662756875335,-
WNP basin,tropical nature,all four,1988,-0.19935649935649935,-0.15458214253296387,0.15458214253296387,-
WNP basin,tropical nature,all four,1989,-0.19243697478991598,-0.16152533889147505,0.16152533889147505,-
WNP basin,tropical nature,all four,1990,-0.16180290297937358,-0.15921780263138918,0.15921780263138918,-
WNP basin,tropical nature,all four,1991,-0.1413770053475936,-0.16634076749160467,0.16634076749160467,0
WNP basin,tropical nature,all four,1992,-0.14021260997067447,-0.17727075448823088,0.17727075448823088,0
WNP basin,tropical nature,all four,1993,-0.13790322580645162,-0.18921922382158185,0.18921922382158185,0
WNP basin,tropical nature,all four,1994,-0.13414905450500555,-0.2023112259436299,0.2023112259436299,0
WNP basin,tropical nature,all four,1995,-0.06206896551724138,-0.20026068602146424,0.20026068602146424,0
WNP basin,tropical nature,all four,1996,-0.07608100711548987,-0.2209484237814645,0.2209484237814645,0
WNP basin,tropical nature,all four,1997,-0.04151404151404151,-0.2298721455142628,0.2298721455142628,0
WNP basin,tropical nature,all four,1998,-0.03487179487179487,-0.2513489878508786,0.2513489878508786,0
WNP basin,tropical nature,all four,1999,-0.11615384615384615,-0.248136775724571,0.248136775724571,0
WNP basin,tropical nature,all four,2000,-0.13130434782608696,-0.27370589629984254,0.27370589629984254,0
WNP basin,tropical nature,JMA+JTWC+CMA,1951,-0.13661606812291743,-0.08159554950036274,0.08159554950036274,-
WNP basin,tropical nature,JMA+JTWC+CMA,1952,-0.14523442021994984,-0.08147566039523169,0.08147566039523169,-
WNP basin,tropical nature,JMA+JTWC+CMA,1953,-0.15201207243460765,-0.08128394562529459,0.08128394562529459,-
WNP basin,tropical nature,JMA+JTWC+CMA,1954,-0.16416761438194383,-0.07994894037060002,0.07994894037060002,-
WNP basin,tropical nature,JMA+JTWC+CMA,1955,-0.17080745341614906,-0.08162470428219148,0.08162470428219148,-
WNP basin,tropical nature,JMA+JTWC+CMA,1956,-0.17255792648013132,-0.08414806739685099,0.08414806739685099,-
WNP basin,tropical nature,JMA+JTWC+CMA,1957,-0.17152206880038312,-0.08797518802712197,0.08797518802712197,-
WNP basin,tropical nature,JMA+JTWC+CMA,1958,-0.18833107191316145,-0.0851946585411727,0.0851946585411727,-
WNP basin,tropical nature,JMA+JTWC+CMA,1959,-0.19493006993006992,-0.0859826207578287,0.0859826207578287,-
WNP basin,tropical nature,JMA+JTWC+CMA,1960,-0.20485347985347985,-0.08759311499992259,0.08759311499992259,-
WNP basin,tropical nature,JMA+JTWC+CMA,1961,-0.20622119815668202,-0.09095039370621914,0.09095039370621914,-
WNP basin,tropical nature,JMA+JTWC+CMA,1962,-0.197879680693007,-0.09442781304749716,0.09442781304749716,-
WNP basin,tropical nature,JMA+JTWC+CMA,1963,-0.2031200423056584,-0.0962911994404495,0.0962911994404495,-
WNP basin,tropical nature,JMA+JTWC+CMA,1964,-0.21364267852181162,-0.09956046032898677,0.09956046032898677,-
WNP basin,tropical nature,JMA+JTWC+CMA,1965,-0.2108708357685564,-0.1027737727366095,0.1027737727366095,-
WNP basin,tropical nature,JMA+JTWC+CMA,1966,-0.2074194838352456,-0.10584758388699107,0.10584758388699107,-
WNP basin,tropical nature,JMA+JTWC+CMA,1967,-0.19944257194710915,-0.10571193581177499,0.10571193581177499,-
WNP basin,tropical nature,JMA+JTWC+CMA,1968,-0.17071086807928912,-0.0989848267632169,0.0989848267632169,-
WNP basin,tropical nature,JMA+JTWC+CMA,1969,-0.16464646464646465,-0.10365998967192568,0.10365998967192568,-
WNP basin,tropical nature,JMA+JTWC+CMA,1970,-0.17430912902611015,-0.11453519444407471,0.11453519444407471,-
WNP basin,tropical nature,JMA+JTWC+CMA,1971,-0.14771810998226093,-0.09474019204578898,0.09474019204578898,-
WNP basin,tropical nature,JMA+JTWC+CMA,1972,-0.11307948433364638,-0.08349920707491217,0.08349920707491217,-
WNP basin,tropical nature,JMA+JTWC+CMA,1973,-0.10687782805429864,-0.08756244098552657,0.08756244098552657,-
WNP basin,tropical nature,JMA+JTWC+CMA,1974,-0.1167827130852341,-0.09365287796844893,0.09365287796844893,-
WNP basin,tropical nature,JMA+JTWC+CMA,1975,-0.10214285714285715,-0.09835888146647119,0.09835888146647119,-
WNP basin,tropical nature,JMA+JTWC+CMA,1976,-0.11191923577941815,-0.09959290916029023,0.09959290916029023,-
WNP basin,tropical nature,JMA+JTWC+CMA,1977,-0.12546253469010177,-0.09853620075424635,0.09853620075424635,-
WNP basin,tropical nature,JMA+JTWC+CMA,1978,-0.14338575393154487,-0.10558607453027465,0.10558607453027465,-
WNP basin,tropical nature,JMA+JTWC+CMA,1979,-0.1300395256916996,-0.10813246965236326,0.10813246965236326,-
WNP basin,tropical nature,JMA+JTWC+CMA,1980,-0.127061310782241,-0.11338822646666705,0.11338822646666705,-
WNP basin,tropical nature,JMA+JTWC+CMA,1981,-0.1331923890063425,-0.1188705714190811,0.1188705714190811,-
WNP basin,tropical nature,JMA+JTWC+CMA,1982,-0.13280933473786566,-0.12496226409141385,0.12496226409141385,-
WNP basin,tropical nature,JMA+JTWC+CMA,1983,-0.15383275261324042,-0.12166640436540782,0.12166640436540782,-
WNP basin,tropical nature,JMA+JTWC+CMA,1984,-0.1775797373358349,-0.1230019796630496,0.1230019796630496,-
WNP basin,tropical nature,JMA+JTWC+CMA,1985,-0.18421052631578946,-0.12970754418432104,0.12970754418432104,-
WNP basin,tropical nature,JMA+JTWC+CMA,1986,-0.18262391946602474,-0.13681641954370222,0.13681641954370222,-
WNP basin,tropical nature,JMA+JTWC+CMA,1987,-0.1844476055002371,-0.143900018524963,0.143900018524963,-
WNP basin,tropical nature,JMA+JTWC+CMA,1988,-0.20952380952380953,-0.15199822217842374,0.15199822217842374,-
WNP basin,tropical nature,JMA+JTWC+CMA,1989,-0.20280112044817927,-0.1588531020072022,0.1588531020072022,-
WNP basin,tropical nature,JMA+JTWC+CMA,1990,-0.17234530175706647,-0.15736687328148316,0.15736687328148316,-
WNP basin,tropical nature,JMA+JTWC+CMA,1991,-0.15207219251336898,-0.16549081400381221,0.16549081400381221,0
WNP basin,tropical nature,JMA+JTWC+CMA,1992,-0.15102639296187684,-0.17641187120114252,0.17641187120114252,0
WNP basin,tropical nature,JMA+JTWC+CMA,1993,-0.14879032258064517,-0.18843677662325148,0.18843677662325148,0
WNP basin,tropical nature,JMA+JTWC+CMA,1994,-0.14505005561735262,-0.20170493491086836,0.20170493491086836,0
WNP basin,tropical nature,JMA+JTWC+CMA,1995,-0.0729064039408867,-0.19623793265472025,0.19623793265472025,0
WNP basin,tropical nature,JMA+JTWC+CMA,1996,-0.08675424192665572,-0.2163426637778193,0.2163426637778193,0
WNP basin,tropical nature,JMA+JTWC+CMA,1997,-0.051892551892551896,-0.22475588152241582,0.22475588152241582,0
WNP basin,tropical nature,JMA+JTWC+CMA,1998,-0.044786324786324785,-0.24567811654310384,0.24567811654310384,0
WNP basin,tropical nature,JMA+JTWC+CMA,1999,-0.12538461538461537,-0.24265401956263433,0.24265401956263433,0
WNP basin,tropical nature,JMA+JTWC+CMA,2000,-0.13956521739130434,-0.26757467840413607,0.26757467840413607,0
WNP basin,tropical nature,JMA,1951,-0.043841786992471925,-0.06396060800215807,0.06396060800215807,0
WNP basin,tropical nature,JMA,1952,-0.05143417583124317,-0.06456651230518162,0.06456651230518162,0
WNP basin,tropical nature,JMA,1953,-0.053588195841716965,-0.06604083430008187,0.06604083430008187,0
WNP basin,tropical nature,JMA,1954,-0.05959233662846645,-0.06597446842111342,0.06597446842111342,0
WNP basin,tropical nature,JMA,1955,-0.06861527219583485,-0.06651900103305831,0.06651900103305831,-
WNP basin,tropical nature,JMA,1956,-0.07046608390273695,-0.06815334158482668,0.06815334158482668,-
WNP basin,tropical nature,JMA,1957,-0.07917631095857611,-0.06709502209123398,0.06709502209123398,-
WNP basin,tropical nature,JMA,1958,-0.08859200500991546,-0.06865511134880818,0.06865511134880818,-
WNP basin,tropical nature,JMA,1959,-0.08723776223776224,-0.07127118580541046,0.07127118580541046,-
WNP basin,tropical nature,JMA,1960,-0.0960393772893773,-0.07196578267554317,0.07196578267554317,-
WNP basin,tropical nature,JMA,1961,-0.09941436251920123,-0.07405106398049038,0.07405106398049038,-
WNP basin,tropical nature,JMA,1962,-0.10138248847926268,-0.07657284571534305,0.07657284571534305,-
WNP basin,tropical nature,JMA,1963,-0.10010576414595453,-0.07952102599256854,0.07952102599256854,-
WNP basin,tropical nature,JMA,1964,-0.10869686023895526,-0.08320897989522771,0.08320897989522771,-
WNP basin,tropical nature,JMA,1965,-0.10222092343658679,-0.08480323999667314,0.08480323999667314,-
WNP basin,tropical nature,JMA,1966,-0.09668091913008706,-0.08613105866737253,0.08613105866737253,-
WNP basin,tropical nature,JMA,1967,-0.08471610059631839,-0.08244957949243771,0.08244957949243771,-
WNP basin,tropical nature,JMA,1968,-0.06346548188653452,-0.08117525942633283,0.08117525942633283,0
WNP basin,tropical nature,JMA,1969,-0.06392496392496393,-0.08426054073846483,0.08426054073846483,0
WNP basin,tropical nature,JMA,1970,-0.08107489994282448,-0.08283565255098793,0.08283565255098793,0
WNP basin,tropical nature,JMA,1971,-0.0870020964360587,-0.08866564133336934,0.08866564133336934,0
WNP basin,tropical nature,JMA,1972,-0.06855630496030052,-0.0853816087043837,0.0853816087043837,0
WNP basin,tropical nature,JMA,1973,-0.059457013574660635,-0.09074635863774652,0.09074635863774652,0
WNP basin,tropical nature,JMA,1974,-0.07356542617046818,-0.09717929909070948,0.09717929909070948,0
WNP basin,tropical nature,JMA,1975,-0.061224489795918366,-0.10437448825797346,0.10437448825797346,0
WNP basin,tropical nature,JMA,1976,-0.07636778115501519,-0.10545117309458024,0.10545117309458024,0
WNP basin,tropical nature,JMA,1977,-0.08221554116558742,-0.10810345370364584,0.10810345370364584,0
WNP basin,tropical nature,JMA,1978,-0.10021584952204748,-0.11392805149032248,0.11392805149032248,0
WNP basin,tropical nature,JMA,1979,-0.09314888010540184,-0.12048418923400656,0.12048418923400656,0
WNP basin,tropical nature,JMA,1980,-0.10380549682875265,-0.12320939594007912,0.12320939594007912,0
WNP basin,tropical nature,JMA,1981,-0.11567502265176684,-0.12966349495524285,0.12966349495524285,0
WNP basin,tropical nature,JMA,1982,-0.11149825783972125,-0.1367970678396403,0.1367970678396403,0
WNP basin,tropical nature,JMA,1983,-0.12090592334494774,-0.14069385657711228,0.14069385657711228,0
WNP basin,tropical nature,JMA,1984,-0.13902439024390245,-0.14524095510903062,0.14524095510903062,0
WNP basin,tropical nature,JMA,1985,-0.14331983805668017,-0.15277786696183465,0.15277786696183465,0
WNP basin,tropical nature,JMA,1986,-0.14771856877120035,-0.16169677859268516,0.16169677859268516,0
WNP basin,tropical nature,JMA,1987,-0.14319582740635373,-0.17285486074820502,0.17285486074820502,0
WNP basin,tropical nature,JMA,1988,-0.16576576576576577,-0.18708122978906977,0.18708122978906977,0
WNP basin,tropical nature,JMA,1989,-0.15126050420168066,-0.19286024345888475,0.19286024345888475,0
WNP basin,tropical nature,JMA,1990,-0.1278838808250573,-0.19812723746939864,0.19812723746939864,0
WNP basin,tropical nature,JMA,1991,-0.1163101604278075,-0.20809835714680427,0.20809835714680427,0
WNP basin,tropical nature,JMA,1992,-0.10172287390029326,-0.21616805158223917,0.21616805158223917,0
WNP basin,tropical nature,JMA,1993,-0.07056451612903226,-0.2199645442188774,0.2199645442188774,0
WNP basin,tropical nature,JMA,1994,-0.052947719688542824,-0.22320281642659356,0.22320281642659356,0
WNP basin,tropical nature,JMA,1995,0.02807881773399015,-0.21335166877072173,0.21335166877072173,0
WNP basin,tropical nature,JMA,1996,0.02435686918445539,-0.23153553422061882,0.23153553422061882,0
WNP basin,tropical nature,JMA,1997,0.045177045177045176,-0.23937782511893108,0.23937782511893108,0
WNP basin,tropical nature,JMA,1998,0.08923076923076922,-0.2831321501681672,0.2831321501681672,0
WNP basin,tropical nature,JMA,1999,0.023846153846153847,-0.28684833952587163,0.28684833952587163,0
WNP basin,tropical nature,JMA,2000,0.005652173913043478,-0.3113596273341549,0.3113596273341549,0
WNP basin,tropical nature,JMA+JTWC,1951,0.031068739972849563,-0.06276585437870279,0.06276585437870279,0
WNP basin,tropical nature,JMA+JTWC,1952,0.023023988680944112,-0.06380588426572915,0.06380588426572915,0
WNP basin,tropical nature,JMA+JTWC,1953,0.022702883970489605,-0.06563294462198697,0.06563294462198697,0
WNP basin,tropical nature,JMA+JTWC,1954,0.017356311783745953,-0.06583603428419099,0.06583603428419099,0
WNP basin,tropical nature,JMA+JTWC,1955,0.0076726342710997444,-0.06685565006299522,0.06685565006299522,0
WNP basin,tropical nature,JMA+JTWC,1956,0.007634461961293278,-0.06894414996875317,0.06894414996875317,0
WNP basin,tropical nature,JMA+JTWC,1957,-0.0005587038071673717,-0.06812356595430262,0.06812356595430262,0
WNP basin,tropical nature,JMA+JTWC,1958,-0.010917440768187037,-0.06929224119830395,0.06929224119830395,0
WNP basin,tropical nature,JMA+JTWC,1959,-0.010708041958041958,-0.07158794457375756,0.07158794457375756,0
WNP basin,tropical nature,JMA+JTWC,1960,-0.01939102564102564,-0.07281359387676425,0.07281359387676425,0
WNP basin,tropical nature,JMA+JTWC,1961,-0.021217357910906297,-0.07525740713125682,0.07525740713125682,0
WNP basin,tropical nature,JMA+JTWC,1962,-0.020019641912820126,-0.0776938945818926,0.0776938945818926,0
WNP basin,tropical nature,JMA+JTWC,1963,-0.01866737176097303,-0.08060636912170838,0.08060636912170838,0
WNP basin,tropical nature,JMA+JTWC,1964,-0.027313142539594333,-0.08605956139649687,0.08605956139649687,0
WNP basin,tropical nature,JMA+JTWC,1965,-0.014026884862653419,-0.08487457629066907,0.08487457629066907,0
WNP basin,tropical nature,JMA+JTWC,1966,-0.006552031745055215,-0.08565363702592887,0.08565363702592887,0
WNP basin,tropical nature,JMA+JTWC,1967,0.003629764065335753,-0.08373120028028032,0.08373120028028032,0
WNP basin,tropical nature,JMA+JTWC,1968,0.022727272727272728,-0.08436873138280132,0.08436873138280132,0
WNP basin,tropical nature,JMA+JTWC,1969,0.019696969696969695,-0.08635531102809538,0.08635531102809538,0
WNP basin,tropical nature,JMA+JTWC,1970,-0.0004955212502382314,-0.08254317977299812,0.08254317977299812,0
WNP basin,tropical nature,JMA+JTWC,1971,-0.009998387356877922,-0.08874044192763955,0.08874044192763955,0
WNP basin,tropical nature,JMA+JTWC,1972,0.006531204644412192,-0.086551456738523,0.086551456738523,0
WNP basin,tropical nature,JMA+JTWC,1973,0.015656108597285067,-0.09168322661898344,0.09168322661898344,0
WNP basin,tropical nature,JMA+JTWC,1974,0.0013925570228091237,-0.09887863525761241,0.09887863525761241,0
WNP basin,tropical nature,JMA+JTWC,1975,0.015918367346938776,-0.10509358068055259,0.10509358068055259,0
WNP basin,tropical nature,JMA+JTWC,1976,0.00303951367781155,-0.10564289093478631,0.10564289093478631,0
WNP basin,tropical nature,JMA+JTWC,1977,-0.008788159111933395,-0.10528578302445764,0.10528578302445764,0
WNP basin,tropical nature,JMA+JTWC,1978,-0.027998766574159728,-0.1114380438690667,0.1114380438690667,0
WNP basin,tropical nature,JMA+JTWC,1979,-0.019499341238471673,-0.11679140628820193,0.11679140628820193,0
WNP basin,tropical nature,JMA+JTWC,1980,-0.02558139534883721,-0.1211326745698361,0.1211326745698361,0
WNP basin,tropical nature,JMA+JTWC,1981,-0.03578979160374509,-0.1258472113111629,0.1258472113111629,0
WNP basin,tropical nature,JMA+JTWC,1982,-0.04043432460902682,-0.13115438885321756,0.13115438885321756,0
WNP basin,tropical nature,JMA+JTWC,1983,-0.0529616724738676,-0.13300369210509497,0.13300369210509497,0
WNP basin,tropical nature,JMA+JTWC,1984,-0.074953095684803,-0.13485715271110968,0.13485715271110968,0
WNP basin,tropical nature,JMA+JTWC,1985,-0.0840080971659919,-0.13947671467401604,0.13947671467401604,0
WNP basin,tropical nature,JMA+JTWC,1986,-0.10274647116752379,-0.1426848605485168,0.1426848605485168,0
WNP basin,tropical nature,JMA+JTWC,1987,-0.11522048364153627,-0.14575307960165015,0.14575307960165015,0
WNP basin,tropical nature,JMA+JTWC,1988,-0.14362934362934363,-0.14849413442157045,0.14849413442157045,0
WNP basin,tropical nature,JMA+JTWC,1989,-0.15126050420168066,-0.1588195164974711,0.1588195164974711,0
WNP basin,tropical nature,JMA+JTWC,1990,-0.13812070282658517,-0.16736085491564495,0.16736085491564495,0
WNP basin,tropical nature,JMA+JTWC,1991,-0.13870320855614973,-0.17799029312129133,0.17799029312129133,0
WNP basin,tropical nature,JMA+JTWC,1992,-0.14461143695014664,-0.1899151776901102,0.1899151776901102,0
WNP basin,tropical nature,JMA+JTWC,1993,-0.1443548387096774,-0.20301703448398303,0.20301703448398303,0
WNP basin,tropical nature,JMA+JTWC,1994,-0.13615127919911013,-0.21324415991940954,0.21324415991940954,0
WNP basin,tropical nature,JMA+JTWC,1995,-0.06600985221674877,-0.21159664781913795,0.21159664781913795,0
WNP basin,tropical nature,JMA+JTWC,1996,-0.07443897099069513,-0.23230180138082476,0.23230180138082476,0
WNP basin,tropical nature,JMA+JTWC,1997,-0.03296703296703297,-0.2368414415988981,0.2368414415988981,0
WNP basin,tropical nature,JMA+JTWC,1998,-0.017777777777777778,-0.263329892059925,0.263329892059925,0
WNP basin,tropical nature,JMA+JTWC,1999,-0.09846153846153846,-0.25555799033938636,0.25555799033938636,0
WNP basin,tropical nature,JMA+JTWC,2000,-0.12391304347826088,-0.28247059836825517,0.28247059836825517,0
WNP basin,tropical nature,JTWC,1951,0.06432802665679378,-0.068286711229758,0.068286711229758,0
WNP basin,tropical nature,JTWC,1952,0.054054923146183036,-0.07000391712438526,0.07000391712438526,0
WNP basin,tropical nature,JTWC,1953,0.056103286384976525,-0.07229528341669651,0.07229528341669651,0
WNP basin,tropical nature,JTWC,1954,0.0520514390691978,-0.07310265683430285,0.07310265683430285,0
WNP basin,tropical nature,JTWC,1955,0.041176470588235294,-0.07177766624591288,0.07177766624591288,0
WNP basin,tropical nature,JTWC,1956,0.034526854219948847,-0.07208677728539208,0.07208677728539208,0
WNP basin,tropical nature,JTWC,1957,0.027216856892010536,-0.0718369964990104,0.0718369964990104,0
WNP basin,tropical nature,JTWC,1958,0.017785199874752113,-0.07049914324827636,0.07049914324827636,0
WNP basin,tropical nature,JTWC,1959,0.00743006993006993,-0.06933095103528455,0.06933095103528455,0
WNP basin,tropical nature,JTWC,1960,-0.0009615384615384616,-0.07023542941299975,0.07023542941299975,0
WNP basin,tropical nature,JTWC,1961,-0.004032258064516129,-0.07220721366993674,0.07220721366993674,0
WNP basin,tropical nature,JTWC,1962,-0.007403490216816499,-0.07466299360270533,0.07466299360270533,0
WNP basin,tropical nature,JTWC,1963,-0.006187202538339503,-0.07738022176303033,0.07738022176303033,0
WNP basin,tropical nature,JTWC,1964,-0.013309252570158378,-0.08279611592168794,0.08279611592168794,0
WNP basin,tropical nature,JTWC,1965,0.0016364699006428988,-0.07997662415287525,0.07997662415287525,0
WNP basin,tropical nature,JTWC,1966,0.010920052908425359,-0.0812320751033443,0.0812320751033443,0
WNP basin,tropical nature,JTWC,1967,0.0136764324604615,-0.08349477606921485,0.08349477606921485,0
WNP basin,tropical nature,JTWC,1968,0.026452494873547505,-0.08537503851787755,0.08537503851787755,0
WNP basin,tropical nature,JTWC,1969,0.024458874458874458,-0.08795262489165231,0.08795262489165231,0
WNP basin,tropical nature,JTWC,1970,0.005412616733371451,-0.08436142432631208,0.08436142432631208,0
WNP basin,tropical nature,JTWC,1971,-0.004999193678438961,-0.09069422135166114,0.09069422135166114,0
WNP basin,tropical nature,JTWC,1972,0.010501152565525484,-0.08940332828197271,0.08940332828197271,0
WNP basin,tropical nature,JTWC,1973,0.018461538461538463,-0.09444585129935895,0.09444585129935895,0
WNP basin,tropical nature,JTWC,1974,0.005330132052821128,-0.1022042061822585,0.1022042061822585,0
WNP basin,tropical nature,JTWC,1975,0.021122448979591837,-0.10825658750013606,0.10825658750013606,0
WNP basin,tropical nature,JTWC,1976,0.009661311333043855,-0.10984824553043104,0.10984824553043104,0
WNP basin,tropical nature,JTWC,1977,-0.000578168362627197,-0.10980860601216134,0.10980860601216134,0
WNP basin,tropical nature,JTWC,1978,-0.023805118717237127,-0.11524202962517027,0.11524202962517027,0
WNP basin,tropical nature,JTWC,1979,-0.01686429512516469,-0.12067506657918994,0.12067506657918994,0
WNP basin,tropical nature,JTWC,1980,-0.02156448202959831,-0.12563999594619765,0.12563999594619765,0
WNP basin,tropical nature,JTWC,1981,-0.030202355783751134,-0.1305522001676918,0.1305522001676918,0
WNP basin,tropical nature,JTWC,1982,-0.036544850498338874,-0.1358351537298635,0.1358351537298635,0
WNP basin,tropical nature,JTWC,1983,-0.047386759581881537,-0.13897276659265134,0.13897276659265134,0
WNP basin,tropical nature,JTWC,1984,-0.0674484052532833,-0.14247591193939452,0.14247591193939452,0
WNP basin,tropical nature,JTWC,1985,-0.0742914979757085,-0.14847526612278952,0.14847526612278952,0
WNP basin,tropical nature,JTWC,1986,-0.09049130101761681,-0.15157860544174243,0.15157860544174243,0
WNP basin,tropical nature,JTWC,1987,-0.10905642484589853,-0.15149830250425977,0.15149830250425977,0
WNP basin,tropical nature,JTWC,1988,-0.1398970398970399,-0.1466901521961637,0.1466901521961637,0
WNP basin,tropical nature,JTWC,1989,-0.16554621848739495,-0.15739702336362127,0.15739702336362127,-
WNP basin,tropical nature,JTWC,1990,-0.1523300229182582,-0.16582884630811795,0.16582884630811795,0
WNP basin,tropical nature,JTWC,1991,-0.15274064171122995,-0.17637741025748502,0.17637741025748502,0
WNP basin,tropical nature,JTWC,1992,-0.15835777126099707,-0.18822272999283762,0.18822272999283762,0
WNP basin,tropical nature,JTWC,1993,-0.15766129032258064,-0.20116616437331736,0.20116616437331736,0
WNP basin,tropical nature,JTWC,1994,-0.14883203559510566,-0.21076149735662433,0.21076149735662433,0
WNP basin,tropical nature,JTWC,1995,-0.07783251231527094,-0.20766268308405578,0.20766268308405578,0
WNP basin,tropical nature,JTWC,1996,-0.08511220580186098,-0.22791566619135284,0.22791566619135284,0
WNP basin,tropical nature,JTWC,1997,-0.04212454212454213,-0.23037610679682133,0.23037610679682133,0
WNP basin,tropical nature,JTWC,1998,-0.024957264957264958,-0.257506786386073,0.257506786386073,0
WNP basin,tropical nature,JTWC,1999,-0.10307692307692308,-0.25180589262168923,0.25180589262168923,0
WNP basin,tropical nature,JTWC,2000,-0.12521739130434784,-0.2791896084519693,0.2791896084519693,0
PAR,all SIDs,raw total,1951,-0.12149821053930643,-0.049114917193719805,0.049114917193719805,-
PAR,all SIDs,raw total,1952,-0.1298636568268056,-0.050720295325528394,0.050720295325528394,-
PAR,all SIDs,raw total,1953,-0.12551978537894032,-0.0522259482333356,0.0522259482333356,-
PAR,all SIDs,raw total,1954,-0.12809028081532675,-0.053197054659160976,0.053197054659160976,-
PAR,all SIDs,raw total,1955,-0.13456339057362074,-0.052242575864004104,0.052242575864004104,-
PAR,all SIDs,raw total,1956,-0.14539832805283048,-0.055163501946361215,0.055163501946361215,-
PAR,all SIDs,raw total,1957,-0.13668289568201772,-0.05897189304897349,0.05897189304897349,-
PAR,all SIDs,raw total,1958,-0.14793862853564346,-0.05753259298199899,0.05753259298199899,-
PAR,all SIDs,raw total,1959,-0.15284090909090908,-0.05813541940250709,0.05813541940250709,-
PAR,all SIDs,raw total,1960,-0.15947802197802197,-0.05993707343657995,0.05993707343657995,-
PAR,all SIDs,raw total,1961,-0.15730606758832566,-0.06131375089024451,0.06131375089024451,-
PAR,all SIDs,raw total,1962,-0.14673516154214197,-0.0632624467623821,0.0632624467623821,-
PAR,all SIDs,raw total,1963,-0.15124272871496564,-0.06461535034158002,0.06461535034158002,-
PAR,all SIDs,raw total,1964,-0.15595998888580162,-0.06890344126269055,0.06890344126269055,-
PAR,all SIDs,raw total,1965,-0.14161309175920514,-0.06743364600840857,0.06743364600840857,-
PAR,all SIDs,raw total,1966,-0.13817712018210343,-0.06947105328284259,0.06947105328284259,-
PAR,all SIDs,raw total,1967,-0.1359865180191859,-0.07143676579256587,0.07143676579256587,-
PAR,all SIDs,raw total,1968,-0.12354750512645249,-0.07658695945300152,0.07658695945300152,-
PAR,all SIDs,raw total,1969,-0.1357142857142857,-0.07646922948927068,0.07646922948927068,-
PAR,all SIDs,raw total,1970,-0.14061368400991042,-0.08081088991341842,0.08081088991341842,-
PAR,all SIDs,raw total,1971,-0.13054346073214,-0.07677776283266215,0.07677776283266215,-
PAR,all SIDs,raw total,1972,-0.10313327072483565,-0.0809344673821095,0.0809344673821095,-
PAR,all SIDs,raw total,1973,-0.11447963800904977,-0.08221560675842329,0.08221560675842329,-
PAR,all SIDs,raw total,1974,-0.11716686674669868,-0.08614255126297464,0.08614255126297464,-
PAR,all SIDs,raw total,1975,-0.11224489795918367,-0.08978835017431226,0.08978835017431226,-
PAR,all SIDs,raw total,1976,-0.11436170212765957,-0.09334256413852761,0.09334256413852761,-
PAR,all SIDs,raw total,1977,-0.12199352451433858,-0.09458740674898539,0.09458740674898539,-
PAR,all SIDs,raw total,1978,-0.13610854147394388,-0.1010870091326735,0.1010870091326735,-
PAR,all SIDs,raw total,1979,-0.12753623188405797,-0.10249570391821836,0.10249570391821836,-
PAR,all SIDs,raw total,1980,-0.11416490486257928,-0.10838343528119625,0.10838343528119625,-
PAR,all SIDs,raw total,1981,-0.12171549380851707,-0.11253946284145834,0.11253946284145834,-
PAR,all SIDs,raw total,1982,-0.12648893930799773,-0.11694886510383637,0.11694886510383637,-
PAR,all SIDs,raw total,1983,-0.13885017421602788,-0.12273926396491991,0.12273926396491991,-
PAR,all SIDs,raw total,1984,-0.13724202626641652,-0.1296598917890109,0.1296598917890109,-
PAR,all SIDs,raw total,1985,-0.14696356275303643,-0.14199985731593118,0.14199985731593118,-
PAR,all SIDs,raw total,1986,-0.1278039172776015,-0.14505879565134208,0.14505879565134208,0
PAR,all SIDs,raw total,1987,-0.12280701754385964,-0.15478853362200565,0.15478853362200565,0
PAR,all SIDs,raw total,1988,-0.1353925353925354,-0.16548660960916475,0.16548660960916475,0
PAR,all SIDs,raw total,1989,-0.12941176470588237,-0.17450646220357438,0.17450646220357438,0
PAR,all SIDs,raw total,1990,-0.12161955691367456,-0.1833051718028869,0.1833051718028869,0
PAR,all SIDs,raw total,1991,-0.10594919786096256,-0.19314137193676262,0.19314137193676262,0
PAR,all SIDs,raw total,1992,-0.10465542521994135,-0.20643821485412575,0.20643821485412575,0
PAR,all SIDs,raw total,1993,-0.1153225806451613,-0.23521219926223016,0.23521219926223016,0
PAR,all SIDs,raw total,1994,-0.07230255839822025,-0.21274951932494346,0.21274951932494346,0
PAR,all SIDs,raw total,1995,-0.026600985221674877,-0.19647079648468377,0.19647079648468377,0
PAR,all SIDs,raw total,1996,0.0060207991242474,-0.19258879380124955,0.19258879380124955,0
PAR,all SIDs,raw total,1997,0.03785103785103785,-0.21135572611951498,0.21135572611951498,0
PAR,all SIDs,raw total,1998,0.01264957264957265,-0.22459757650767664,0.22459757650767664,0
PAR,all SIDs,raw total,1999,0.0007692307692307692,-0.24572590934845823,0.24572590934845823,0
PAR,all SIDs,raw total,2000,0.007391304347826087,-0.2666502573961527,0.2666502573961527,0
PAR,all SIDs,all four,1951,-0.08814636554362582,-0.04731180157757368,0.04731180157757368,-
PAR,all SIDs,all four,1952,-0.09556884687118143,-0.0486003432822063,0.0486003432822063,-
PAR,all SIDs,all four,1953,-0.09265593561368209,-0.05034291787741861,0.05034291787741861,-
PAR,all SIDs,all four,1954,-0.09806666083457265,-0.05050257484929425,0.05050257484929425,-
PAR,all SIDs,all four,1955,-0.10383631713554987,-0.050276035790028165,0.050276035790028165,-
PAR,all SIDs,all four,1956,-0.11394434477230217,-0.05207478119094359,0.05207478119094359,-
PAR,all SIDs,all four,1957,-0.10719131614654002,-0.05489144174386446,0.05489144174386446,-
PAR,all SIDs,all four,1958,-0.11643878509550151,-0.0539961123287108,0.0539961123287108,-
PAR,all SIDs,all four,1959,-0.12207167832167833,-0.05413418215538919,0.05413418215538919,-
PAR,all SIDs,all four,1960,-0.12955586080586082,-0.05546742944388811,0.05546742944388811,-
PAR,all SIDs,all four,1961,-0.12836021505376344,-0.05696137758424034,0.05696137758424034,-
PAR,all SIDs,all four,1962,-0.11732265619097983,-0.05841140596431308,0.05841140596431308,-
PAR,all SIDs,all four,1963,-0.12136435748281332,-0.05886994824908001,0.05886994824908001,-
PAR,all SIDs,all four,1964,-0.1340928035565435,-0.06434865389899515,0.06434865389899515,-
PAR,all SIDs,all four,1965,-0.11987142022209234,-0.06340822427221433,0.06340822427221433,-
PAR,all SIDs,all four,1966,-0.11842874280968348,-0.06569667016818562,0.06569667016818562,-
PAR,all SIDs,all four,1967,-0.12036556909515167,-0.06859220085554876,0.06859220085554876,-
PAR,all SIDs,all four,1968,-0.11254272043745728,-0.07294117541173428,0.07294117541173428,-
PAR,all SIDs,all four,1969,-0.12380952380952381,-0.07263111508026528,0.07263111508026528,-
PAR,all SIDs,all four,1970,-0.12982656756241662,-0.0762966119977129,0.0762966119977129,-
PAR,all SIDs,all four,1971,-0.12320593452668924,-0.07526271809427168,0.07526271809427168,-
PAR,all SIDs,all four,1972,-0.09741313070946811,-0.07922633078645529,0.07922633078645529,-
PAR,all SIDs,all four,1973,-0.10823529411764705,-0.08076498077272481,0.08076498077272481,-
PAR,all SIDs,all four,1974,-0.11034813925570228,-0.0846205169750954,0.0846205169750954,-
PAR,all SIDs,all four,1975,-0.10479591836734693,-0.08850185185262167,0.08850185185262167,-
PAR,all SIDs,all four,1976,-0.1088797221016066,-0.09153772215044297,0.09153772215044297,-
PAR,all SIDs,all four,1977,-0.11598057354301573,-0.09301829670473012,0.09301829670473012,-
PAR,all SIDs,all four,1978,-0.12950971322849214,-0.09970757944336475,0.09970757944336475,-
PAR,all SIDs,all four,1979,-0.12028985507246377,-0.10110717055681272,0.10110717055681272,-
PAR,all SIDs,all four,1980,-0.10937279774489077,-0.10678848453828595,0.10678848453828595,-
PAR,all SIDs,all four,1981,-0.11643008154636061,-0.11106114060403302,0.11106114060403302,-
PAR,all SIDs,all four,1982,-0.1206547281419658,-0.11561238281712835,0.11561238281712835,-
PAR,all SIDs,all four,1983,-0.13240418118466898,-0.12159075300074973,0.12159075300074973,-
PAR,all SIDs,all four,1984,-0.1301125703564728,-0.1288764829766599,0.1288764829766599,-
PAR,all SIDs,all four,1985,-0.1431174089068826,-0.14072509201815217,0.14072509201815217,-
PAR,all SIDs,all four,1986,-0.1278039172776015,-0.14505879565134208,0.14505879565134208,0
PAR,all SIDs,all four,1987,-0.12280701754385964,-0.15478853362200565,0.15478853362200565,0
PAR,all SIDs,all four,1988,-0.1353925353925354,-0.16548660960916475,0.16548660960916475,0
PAR,all SIDs,all four,1989,-0.12941176470588237,-0.17450646220357438,0.17450646220357438,0
PAR,all SIDs,all four,1990,-0.12161955691367456,-0.1833051718028869,0.1833051718028869,0
PAR,all SIDs,all four,1991,-0.10594919786096256,-0.19314137193676262,0.19314137193676262,0
PAR,all SIDs,all four,1992,-0.10465542521994135,-0.20643821485412575,0.20643821485412575,0
PAR,all SIDs,all four,1993,-0.1153225806451613,-0.23521219926223016,0.23521219926223016,0
PAR,all SIDs,all four,1994,-0.07230255839822025,-0.21274951932494346,0.21274951932494346,0
PAR,all SIDs,all four,1995,-0.026600985221674877,-0.19647079648468377,0.19647079648468377,0
PAR,all SIDs,all four,1996,0.0060207991242474,-0.19258879380124955,0.19258879380124955,0
PAR,all SIDs,all four,1997,0.03785103785103785,-0.21135572611951498,0.21135572611951498,0
PAR,all SIDs,all four,1998,0.01264957264957265,-0.22459757650767664,0.22459757650767664,0
PAR,all SIDs,all four,1999,0.0007692307692307692,-0.24572590934845823,0.24572590934845823,0
PAR,all SIDs,all four,2000,0.007391304347826087,-0.2666502573961527,0.2666502573961527,0
PAR,all SIDs,JMA+JTWC+CMA,1951,-0.08336418610391214,-0.04541306542585662,0.04541306542585662,-
PAR,all SIDs,JMA+JTWC+CMA,1952,-0.09039166505884623,-0.04679100695122902,0.04679100695122902,-
PAR,all SIDs,JMA+JTWC+CMA,1953,-0.08705566733735748,-0.048476684358179936,0.048476684358179936,-
PAR,all SIDs,JMA+JTWC+CMA,1954,-0.09201294724870965,-0.04875048548485707,0.04875048548485707,-
PAR,all SIDs,JMA+JTWC+CMA,1955,-0.09729630982827914,-0.04841349864335465,0.04841349864335465,-
PAR,all SIDs,JMA+JTWC+CMA,1956,-0.1068824674581059,-0.05070454301060433,0.05070454301060433,-
PAR,all SIDs,JMA+JTWC+CMA,1957,-0.09956899992018517,-0.05347599592833502,0.05347599592833502,-
PAR,all SIDs,JMA+JTWC+CMA,1958,-0.10821417388581568,-0.052836594773767336,0.052836594773767336,-
PAR,all SIDs,JMA+JTWC+CMA,1959,-0.1131993006993007,-0.05320106843258588,0.05320106843258588,-
PAR,all SIDs,JMA+JTWC+CMA,1960,-0.11998626373626374,-0.05475832853385974,0.05475832853385974,-
PAR,all SIDs,JMA+JTWC+CMA,1961,-0.11803955453149001,-0.05613334883982886,0.05613334883982886,-
PAR,all SIDs,JMA+JTWC+CMA,1962,-0.11095162549419556,-0.05830279766135884,0.05830279766135884,-
PAR,all SIDs,JMA+JTWC+CMA,1963,-0.11607615018508725,-0.05829723066668166,0.05829723066668166,-
PAR,all SIDs,JMA+JTWC+CMA,1964,-0.12831342039455404,-0.06268287537720155,0.06268287537720155,-
PAR,all SIDs,JMA+JTWC+CMA,1965,-0.11706604324956166,-0.06320612581127281,0.06320612581127281,-
PAR,all SIDs,JMA+JTWC+CMA,1966,-0.11710603217570519,-0.06545116432219736,0.06545116432219736,-
PAR,all SIDs,JMA+JTWC+CMA,1967,-0.1188099559242935,-0.06832130724201882,0.06832130724201882,-
PAR,all SIDs,JMA+JTWC+CMA,1968,-0.11073137388926863,-0.0726560611929624,0.0726560611929624,-
PAR,all SIDs,JMA+JTWC+CMA,1969,-0.12171717171717172,-0.07250600136765023,0.07250600136765023,-
PAR,all SIDs,JMA+JTWC+CMA,1970,-0.12742519534972366,-0.0762276707979362,0.0762276707979362,-
PAR,all SIDs,JMA+JTWC+CMA,1971,-0.1204644412191582,-0.0748353974723798,0.0748353974723798,-
PAR,all SIDs,JMA+JTWC+CMA,1972,-0.09429693502945445,-0.0784315618248565,0.0784315618248565,-
PAR,all SIDs,JMA+JTWC+CMA,1973,-0.10470588235294118,-0.0801768354193879,0.0801768354193879,-
PAR,all SIDs,JMA+JTWC+CMA,1974,-0.10636254501800721,-0.08399647506518447,0.08399647506518447,-
PAR,all SIDs,JMA+JTWC+CMA,1975,-0.10030612244897959,-0.08774693326597482,0.08774693326597482,-
PAR,all SIDs,JMA+JTWC+CMA,1976,-0.10383195831524099,-0.0907376758496266,0.0907376758496266,-
PAR,all SIDs,JMA+JTWC+CMA,1977,-0.11308973172987974,-0.09113772280754001,0.09113772280754001,-
PAR,all SIDs,JMA+JTWC+CMA,1978,-0.12617946345975947,-0.09664734911688477,0.09664734911688477,-
PAR,all SIDs,JMA+JTWC+CMA,1979,-0.11949934123847167,-0.09900722478227399,0.09900722478227399,-
PAR,all SIDs,JMA+JTWC+CMA,1980,-0.10831571529245948,-0.10445956539086997,0.10445956539086997,-
PAR,all SIDs,JMA+JTWC+CMA,1981,-0.11507097553609182,-0.10872012283872318,0.10872012283872318,-
PAR,all SIDs,JMA+JTWC+CMA,1982,-0.11895308321853983,-0.1132697778482558,0.1132697778482558,-
PAR,all SIDs,JMA+JTWC+CMA,1983,-0.13031358885017422,-0.1192676841210213,0.1192676841210213,-
PAR,all SIDs,JMA+JTWC+CMA,1984,-0.1275797373358349,-0.12646809537738135,0.12646809537738135,-
PAR,all SIDs,JMA+JTWC+CMA,1985,-0.14008097165991903,-0.13657661574745972,0.13657661574745972,-
PAR,all SIDs,JMA+JTWC+CMA,1986,-0.12846044424991793,-0.1417771371774572,0.1417771371774572,0
PAR,all SIDs,JMA+JTWC+CMA,1987,-0.12328117591275486,-0.15124254381404323,0.15124254381404323,0
PAR,all SIDs,JMA+JTWC+CMA,1988,-0.13564993564993566,-0.16169522648480208,0.16169522648480208,0
PAR,all SIDs,JMA+JTWC+CMA,1989,-0.12941176470588237,-0.1703863775831948,0.1703863775831948,0
PAR,all SIDs,JMA+JTWC+CMA,1990,-0.12131398013750955,-0.17876079030319705,0.17876079030319705,0
PAR,all SIDs,JMA+JTWC+CMA,1991,-0.10528074866310161,-0.18806889248111608,0.18806889248111608,0
PAR,all SIDs,JMA+JTWC+CMA,1992,-0.10355571847507332,-0.20144530618280224,0.20144530618280224,0
PAR,all SIDs,JMA+JTWC+CMA,1993,-0.12016129032258065,-0.234203985492999,0.234203985492999,0
PAR,all SIDs,JMA+JTWC+CMA,1994,-0.07741935483870968,-0.21151936941196486,0.21151936941196486,0
PAR,all SIDs,JMA+JTWC+CMA,1995,-0.03201970443349754,-0.1951393937286613,0.1951393937286613,0
PAR,all SIDs,JMA+JTWC+CMA,1996,0.0002736726874657909,-0.19125687554142165,0.19125687554142165,0
PAR,all SIDs,JMA+JTWC+CMA,1997,0.031746031746031744,-0.21032284452375566,0.21032284452375566,0
PAR,all SIDs,JMA+JTWC+CMA,1998,0.006153846153846154,-0.22314105078098845,0.22314105078098845,0
PAR,all SIDs,JMA+JTWC+CMA,1999,-0.006153846153846154,-0.2441254547525971,0.2441254547525971,0
PAR,all SIDs,JMA+JTWC+CMA,2000,0.0,-0.2651388630422495,0.2651388630422495,0
PAR,all SIDs,JMA,1951,-0.036653091447611995,-0.04146962624694944,0.04146962624694944,0
PAR,all SIDs,JMA,1952,-0.04079040452762236,-0.0431073146575693,0.0431073146575693,0
PAR,all SIDs,JMA,1953,-0.03678739101274313,-0.04432391149736869,0.04432391149736869,0
PAR,all SIDs,JMA,1954,-0.038596798180386666,-0.04528597351342206,0.04528597351342206,0
PAR,all SIDs,JMA,1955,-0.04307636097917428,-0.04533493043104208,0.04533493043104208,0
PAR,all SIDs,JMA,1956,-0.04922319349543841,-0.04651475100198988,0.04651475100198988,-
PAR,all SIDs,JMA,1957,-0.04772926809801261,-0.04829293934122752,0.04829293934122752,0
PAR,all SIDs,JMA,1958,-0.05442020665901263,-0.049177874598659396,0.049177874598659396,-
PAR,all SIDs,JMA,1959,-0.05445804195804196,-0.05073465789424359,0.05073465789424359,-
PAR,all SIDs,JMA,1960,-0.05441849816849817,-0.05236936372176529,0.05236936372176529,-
PAR,all SIDs,JMA,1961,-0.0573636712749616,-0.05399676313346946,0.05399676313346946,-
PAR,all SIDs,JMA,1962,-0.0573392762710584,-0.05580070410426038,0.05580070410426038,-
PAR,all SIDs,JMA,1963,-0.05557905869910101,-0.057895083808772285,0.057895083808772285,0
PAR,all SIDs,JMA,1964,-0.060322311753264794,-0.062677262675174,0.062677262675174,0
PAR,all SIDs,JMA,1965,-0.04441846873173583,-0.059737601830812954,0.059737601830812954,0
PAR,all SIDs,JMA,1966,-0.04125011535267157,-0.06152661278226629,0.06152661278226629,0
PAR,all SIDs,JMA,1967,-0.03953850142597874,-0.06342271641634421,0.06342271641634421,0
PAR,all SIDs,JMA,1968,-0.03171565276828435,-0.06620676376497756,0.06620676376497756,0
PAR,all SIDs,JMA,1969,-0.03708513708513708,-0.06693068686901898,0.06693068686901898,0
PAR,all SIDs,JMA,1970,-0.04718886983037927,-0.06714085888085787,0.06714085888085787,0
PAR,all SIDs,JMA,1971,-0.05184647637477826,-0.07314769604165328,0.07314769604165328,0
PAR,all SIDs,JMA,1972,-0.032058396653291216,-0.07523250313872037,0.07523250313872037,0
PAR,all SIDs,JMA,1973,-0.03800904977375565,-0.07645656929817593,0.07645656929817593,0
PAR,all SIDs,JMA,1974,-0.047058823529411764,-0.08251622720205672,0.08251622720205672,0
PAR,all SIDs,JMA,1975,-0.036734693877551024,-0.08728187400120477,0.08728187400120477,0
PAR,all SIDs,JMA,1976,-0.043584455058619194,-0.09035003957248487,0.09035003957248487,0
PAR,all SIDs,JMA,1977,-0.045675300647548565,-0.09402910607318418,0.09402910607318418,0
PAR,all SIDs,JMA,1978,-0.05951279679309281,-0.09685757495229347,0.09685757495229347,0
PAR,all SIDs,JMA,1979,-0.059947299077733864,-0.10230103325025311,0.10230103325025311,0
PAR,all SIDs,JMA,1980,-0.04756871035940803,-0.11119615393320714,0.11119615393320714,0
PAR,all SIDs,JMA,1981,-0.059800664451827246,-0.11609834493718865,0.11609834493718865,0
PAR,all SIDs,JMA,1982,-0.05971963374118791,-0.1219775650635313,0.1219775650635313,0
PAR,all SIDs,JMA,1983,-0.059407665505226484,-0.1284129048243421,0.1284129048243421,0
PAR,all SIDs,JMA,1984,-0.0549718574108818,-0.13601288486747548,0.13601288486747548,0
PAR,all SIDs,JMA,1985,-0.06174089068825911,-0.1475011808594423,0.1475011808594423,0
PAR,all SIDs,JMA,1986,-0.0480358901411533,-0.15023527836918937,0.15023527836918937,0
PAR,all SIDs,JMA,1987,-0.03627311522048364,-0.15949780159062138,0.15949780159062138,0
PAR,all SIDs,JMA,1988,-0.04131274131274131,-0.1711262343424963,0.1711262343424963,0
PAR,all SIDs,JMA,1989,-0.031932773109243695,-0.1787153817093366,0.1787153817093366,0
PAR,all SIDs,JMA,1990,-0.020626432391138275,-0.18708516649624102,0.18708516649624102,0
PAR,all SIDs,JMA,1991,-0.01270053475935829,-0.1966426424485128,0.1966426424485128,0
PAR,all SIDs,JMA,1992,0.008980938416422288,-0.20683187712432374,0.20683187712432374,0
PAR,all SIDs,JMA,1993,0.009274193548387096,-0.22620773371347383,0.22620773371347383,0
PAR,all SIDs,JMA,1994,0.04404894327030033,-0.21066609163945357,0.21066609163945357,0
PAR,all SIDs,JMA,1995,0.08620689655172414,-0.2077910105208635,0.2077910105208635,0
PAR,all SIDs,JMA,1996,0.09770114942528736,-0.22172655646420453,0.22172655646420453,0
PAR,all SIDs,JMA,1997,0.10256410256410256,-0.2401265915333653,0.2401265915333653,0
PAR,all SIDs,JMA,1998,0.08923076923076922,-0.2555882418694801,0.2555882418694801,0
PAR,all SIDs,JMA,1999,0.06153846153846154,-0.26849622815323837,0.26849622815323837,0
PAR,all SIDs,JMA,2000,0.036521739130434785,-0.290788880546638,0.290788880546638,0
PAR,all SIDs,JMA+JTWC,1951,0.010767616932000493,-0.045202077625378756,0.045202077625378756,0
PAR,all SIDs,JMA+JTWC,1952,0.006125795871117114,-0.04737054854308735,0.04737054854308735,0
PAR,all SIDs,JMA+JTWC,1953,0.0119382964453387,-0.04837103429867413,0.04837103429867413,0
PAR,all SIDs,JMA+JTWC,1954,0.010795206018721021,-0.04958511273911246,0.04958511273911246,0
PAR,all SIDs,JMA+JTWC,1955,0.0056996711728169525,-0.04994721527652973,0.04994721527652973,0
PAR,all SIDs,JMA+JTWC,1956,0.0014505477726457227,-0.05138683453846154,0.05138683453846154,0
PAR,all SIDs,JMA+JTWC,1957,0.002234815228669487,-0.05320639096437942,0.05320639096437942,0
PAR,all SIDs,JMA+JTWC,1958,-0.005302160526041123,-0.05430600951714344,0.05430600951714344,0
PAR,all SIDs,JMA+JTWC,1959,-0.0048951048951048955,-0.056026169788485944,0.056026169788485944,0
PAR,all SIDs,JMA+JTWC,1960,-0.005929487179487179,-0.05778908734962534,0.05778908734962534,0
PAR,all SIDs,JMA+JTWC,1961,-0.007056451612903226,-0.059698729893468194,0.059698729893468194,0
PAR,all SIDs,JMA+JTWC,1962,-0.006698395910453023,-0.06167343616854786,0.06167343616854786,0
PAR,all SIDs,JMA+JTWC,1963,-0.006292966684294025,-0.06384969016697185,0.06384969016697185,0
PAR,all SIDs,JMA+JTWC,1964,-0.0126146151708808,-0.06903464199312534,0.06903464199312534,0
PAR,all SIDs,JMA+JTWC,1965,0.0014611338398597311,-0.06759329249021818,0.06759329249021818,0
PAR,all SIDs,JMA+JTWC,1966,0.004337260450952044,-0.06989293587002669,0.06989293587002669,0
PAR,all SIDs,JMA+JTWC,1967,0.0037593984962406013,-0.07262918936608795,0.07262918936608795,0
PAR,all SIDs,JMA+JTWC,1968,0.008954203691045796,-0.07629344331445738,0.07629344331445738,0
PAR,all SIDs,JMA+JTWC,1969,0.0005772005772005772,-0.07557194544914082,0.07557194544914082,0
PAR,all SIDs,JMA+JTWC,1970,-0.012959786544692205,-0.07373441153754921,0.07373441153754921,0
PAR,all SIDs,JMA+JTWC,1971,-0.021528785679729077,-0.0810323459097064,0.0810323459097064,0
PAR,all SIDs,JMA+JTWC,1972,-0.003927260309058311,-0.08547796764097013,0.08547796764097013,0
PAR,all SIDs,JMA+JTWC,1973,-0.012398190045248869,-0.08567738103289398,0.08567738103289398,0
PAR,all SIDs,JMA+JTWC,1974,-0.024345738295318126,-0.0911328240870098,0.0911328240870098,0
PAR,all SIDs,JMA+JTWC,1975,-0.017346938775510204,-0.0955651116281145,0.0955651116281145,0
PAR,all SIDs,JMA+JTWC,1976,-0.022687798523664784,-0.09874637593510616,0.09874637593510616,0
PAR,all SIDs,JMA+JTWC,1977,-0.028677150786308975,-0.10062440460635808,0.10062440460635808,0
PAR,all SIDs,JMA+JTWC,1978,-0.046993524514338574,-0.10346237314554474,0.10346237314554474,0
PAR,all SIDs,JMA+JTWC,1979,-0.046508563899868245,-0.10858454665088893,0.10858454665088893,0
PAR,all SIDs,JMA+JTWC,1980,-0.03629316420014094,-0.1161685310519405,0.1161685310519405,0
PAR,all SIDs,JMA+JTWC,1981,-0.04771972213832679,-0.11856526522365728,0.11856526522365728,0
PAR,all SIDs,JMA+JTWC,1982,-0.057207681711368606,-0.12180013891623354,0.12180013891623354,0
PAR,all SIDs,JMA+JTWC,1983,-0.06794425087108014,-0.1275979307852193,0.1275979307852193,0
PAR,all SIDs,JMA+JTWC,1984,-0.06857410881801125,-0.13439250506724865,0.13439250506724865,0
PAR,all SIDs,JMA+JTWC,1985,-0.08117408906882591,-0.1408435904114331,0.1408435904114331,0
PAR,all SIDs,JMA+JTWC,1986,-0.0827223985118722,-0.1487124878211548,0.1487124878211548,0
PAR,all SIDs,JMA+JTWC,1987,-0.08416311047889995,-0.15730064879551095,0.15730064879551095,0
PAR,all SIDs,JMA+JTWC,1988,-0.1045045045045045,-0.16196062846271767,0.16196062846271767,0
PAR,all SIDs,JMA+JTWC,1989,-0.11288515406162465,-0.17039283130939656,0.17039283130939656,0
PAR,all SIDs,JMA+JTWC,1990,-0.12223071046600459,-0.18387737366627405,0.18387737366627405,0
PAR,all SIDs,JMA+JTWC,1991,-0.10995989304812834,-0.19389891824690544,0.19389891824690544,0
PAR,all SIDs,JMA+JTWC,1992,-0.10667155425219942,-0.20833245951800627,0.20833245951800627,0
PAR,all SIDs,JMA+JTWC,1993,-0.12782258064516128,-0.24636713977328123,0.24636713977328123,0
PAR,all SIDs,JMA+JTWC,1994,-0.08364849833147942,-0.22162584382218867,0.22162584382218867,0
PAR,all SIDs,JMA+JTWC,1995,-0.03645320197044335,-0.20276271907532586,0.20276271907532586,0
PAR,all SIDs,JMA+JTWC,1996,-0.0019157088122605363,-0.1964135851089706,0.1964135851089706,0
PAR,all SIDs,JMA+JTWC,1997,0.03235653235653236,-0.21363636893026092,0.21363636893026092,0
PAR,all SIDs,JMA+JTWC,1998,0.010256410256410256,-0.22938111979273748,0.22938111979273748,0
PAR,all SIDs,JMA+JTWC,1999,0.002307692307692308,-0.25005571135645077,0.25005571135645077,0
PAR,all SIDs,JMA+JTWC,2000,0.003043478260869565,-0.2738250707240377,0.2738250707240377,0
PAR,all SIDs,JTWC,1951,0.045754658768357395,-0.04644238821570738,0.04644238821570738,0
PAR,all SIDs,JTWC,1952,0.03908611486269213,-0.049254079321770824,0.049254079321770824,0
PAR,all SIDs,JTWC,1953,0.04627766599597585,-0.04966326535039903,0.04966326535039903,0
PAR,all SIDs,JTWC,1954,0.046592599072697055,-0.0512038219298856,0.0512038219298856,0
PAR,all SIDs,JTWC,1955,0.04176105224698575,-0.05149492556931721,0.05149492556931721,0
PAR,all SIDs,JTWC,1956,0.036435469710272166,-0.053217703673824224,0.053217703673824224,0
PAR,all SIDs,JTWC,1957,0.03871019235373933,-0.05529506379398748,0.05529506379398748,0
PAR,all SIDs,JTWC,1958,0.03275232230456111,-0.05553486347192657,0.05553486347192657,0
PAR,all SIDs,JTWC,1959,0.02762237762237762,-0.057083930359235875,0.057083930359235875,0
PAR,all SIDs,JTWC,1960,0.02790750915750916,-0.058922671501335636,0.058922671501335636,0
PAR,all SIDs,JTWC,1961,0.026641705069124423,-0.060668771281998324,0.060668771281998324,0
PAR,all SIDs,JTWC,1962,0.02203419707385863,-0.062479259332744064,0.062479259332744064,0
PAR,all SIDs,JTWC,1963,0.021840296139608674,-0.064597615480473,0.064597615480473,0
PAR,all SIDs,JTWC,1964,0.014809669352597943,-0.0688806216361218,0.0688806216361218,0
PAR,all SIDs,JTWC,1965,0.024547048509643482,-0.06949317037123098,0.06949317037123098,0
PAR,all SIDs,JTWC,1966,0.02620812698022086,-0.07223628638179765,0.07223628638179765,0
PAR,all SIDs,JTWC,1967,0.020482240082966036,-0.07490102097059069,0.07490102097059069,0
PAR,all SIDs,JTWC,1968,0.021872863978127138,-0.0782532724619413,0.0782532724619413,0
PAR,all SIDs,JTWC,1969,0.011255411255411256,-0.07623501945277324,0.07623501945277324,0
PAR,all SIDs,JTWC,1970,-0.0027063083666857253,-0.07484093569898946,0.07484093569898946,0
PAR,all SIDs,JTWC,1971,-0.009595226576358652,-0.0814443965993693,0.0814443965993693,0
PAR,all SIDs,JTWC,1972,0.007598394945786732,-0.08480082292269527,0.08480082292269527,0
PAR,all SIDs,JTWC,1973,0.000995475113122172,-0.08553687554267721,0.08553687554267721,0
PAR,all SIDs,JTWC,1974,-0.013781512605042017,-0.09185921488960792,0.09185921488960792,0
PAR,all SIDs,JTWC,1975,-0.004897959183673469,-0.09651137877699911,0.09651137877699911,0
PAR,all SIDs,JTWC,1976,-0.010801128962223187,-0.09993244314446645,0.09993244314446645,0
PAR,all SIDs,JTWC,1977,-0.014685476410730805,-0.1031239511570103,0.1031239511570103,0
PAR,all SIDs,JTWC,1978,-0.03354918285538082,-0.10393029165741569,0.10393029165741569,0
PAR,all SIDs,JTWC,1979,-0.036758893280632414,-0.10955481218346555,0.10955481218346555,0
PAR,all SIDs,JTWC,1980,-0.030796335447498237,-0.11608704481018596,0.11608704481018596,0
PAR,all SIDs,JTWC,1981,-0.04047115675022652,-0.11883626183048784,0.11883626183048784,0
PAR,all SIDs,JTWC,1982,-0.05145450125597602,-0.1220257569681847,0.1220257569681847,0
PAR,all SIDs,JTWC,1983,-0.060278745644599306,-0.12851796708419966,0.12851796708419966,0
PAR,all SIDs,JTWC,1984,-0.05872420262664165,-0.13605756252091486,0.13605756252091486,0
PAR,all SIDs,JTWC,1985,-0.0728744939271255,-0.13801678887844823,0.13801678887844823,0
PAR,all SIDs,JTWC,1986,-0.08906882591093117,-0.14308660170401166,0.14308660170401166,0
PAR,all SIDs,JTWC,1987,-0.09412043622569938,-0.149799490764489,0.149799490764489,0
PAR,all SIDs,JTWC,1988,-0.1138996138996139,-0.15089347661349423,0.15089347661349423,0
PAR,all SIDs,JTWC,1989,-0.13165266106442577,-0.1560487414308676,0.1560487414308676,0
PAR,all SIDs,JTWC,1990,-0.1413292589763178,-0.1681253931264771,0.1681253931264771,0
PAR,all SIDs,JTWC,1991,-0.12934491978609625,-0.1772243033413623,0.1772243033413623,0
PAR,all SIDs,JTWC,1992,-0.12628299120234604,-0.19015154552026897,0.19015154552026897,0
PAR,all SIDs,JTWC,1993,-0.14758064516129032,-0.22284085025901385,0.22284085025901385,0
PAR,all SIDs,JTWC,1994,-0.10344827586206896,-0.19846132528336025,0.19846132528336025,0
PAR,all SIDs,JTWC,1995,-0.0561576354679803,-0.17905482162212466,0.17905482162212466,0
PAR,all SIDs,JTWC,1996,-0.021346469622331693,-0.17134282022446795,0.17134282022446795,0
PAR,all SIDs,JTWC,1997,0.013431013431013432,-0.18461630763922054,0.18461630763922054,0
PAR,all SIDs,JTWC,1998,-0.007863247863247864,-0.19804475632942511,0.19804475632942511,0
PAR,all SIDs,JTWC,1999,-0.014615384615384615,-0.2157863995970958,0.2157863995970958,0
PAR,all SIDs,JTWC,2000,-0.01217391304347826,-0.23528105830106974,0.23528105830106974,0
PAR,main track,raw total,1951,-0.10863260520794768,-0.047689050811644054,0.047689050811644054,-
PAR,main track,raw total,1952,-0.11590777541964113,-0.048765953769128366,0.048765953769128366,-
PAR,main track,raw total,1953,-0.11401743796109994,-0.050344027161397784,0.050344027161397784,-
PAR,main track,raw total,1954,-0.11802991864228851,-0.05094972196231574,0.05094972196231574,-
PAR,main track,raw total,1955,-0.12352941176470589,-0.05028112036738804,0.05028112036738804,-
PAR,main track,raw total,1956,-0.13463373668740697,-0.05353414701947848,0.05353414701947848,-
PAR,main track,raw total,1957,-0.12487030090190758,-0.057120666311660157,0.057120666311660157,-
PAR,main track,raw total,1958,-0.13499634693664544,-0.055922588694638876,0.055922588694638876,-
PAR,main track,raw total,1959,-0.14012237762237761,-0.056534774112035224,0.056534774112035224,-
PAR,main track,raw total,1960,-0.1455357142857143,-0.0578308481869534,0.0578308481869534,-
PAR,main track,raw total,1961,-0.1466493855606759,-0.06011405341205554,0.06011405341205554,-
PAR,main track,raw total,1962,-0.13812293822870236,-0.0620072920340259,0.0620072920340259,-
PAR,main track,raw total,1963,-0.14161819143310417,-0.063627756688574,0.063627756688574,-
PAR,main track,raw total,1964,-0.14523478744095583,-0.06779140218613416,0.06779140218613416,-
PAR,main track,raw total,1965,-0.12969023962594975,-0.06584539222656266,0.06584539222656266,-
PAR,main track,raw total,1966,-0.12676489587498846,-0.06779923652478813,0.06779923652478813,-
PAR,main track,raw total,1967,-0.12328234379051076,-0.06906491729719752,0.06906491729719752,-
PAR,main track,raw total,1968,-0.10943267259056733,-0.07362063125084983,0.07362063125084983,-
PAR,main track,raw total,1969,-0.12005772005772006,-0.07434974274863657,0.07434974274863657,-
PAR,main track,raw total,1970,-0.12327044025157233,-0.07858921538034128,0.07858921538034128,-
PAR,main track,raw total,1971,-0.11135300757942268,-0.07292785273555555,0.07292785273555555,-
PAR,main track,raw total,1972,-0.08644241441133783,-0.07567906167427799,0.07567906167427799,-
PAR,main track,raw total,1973,-0.09592760180995476,-0.07782124149346827,0.07782124149346827,-
PAR,main track,raw total,1974,-0.09656662665066026,-0.08138723333658186,0.08138723333658186,-
PAR,main track,raw total,1975,-0.08938775510204082,-0.08587633252200674,0.08587633252200674,-
PAR,main track,raw total,1976,-0.096993052540165,-0.08805649614915025,0.08805649614915025,-
PAR,main track,raw total,1977,-0.10256706753006475,-0.08993655839012098,0.08993655839012098,-
PAR,main track,raw total,1978,-0.11729879740980574,-0.09312578943380961,0.09312578943380961,-
PAR,main track,raw total,1979,-0.1155467720685112,-0.09733929940007369,0.09733929940007369,-
PAR,main track,raw total,1980,-0.10049330514446793,-0.10195506040779806,0.10195506040779806,0
PAR,main track,raw total,1981,-0.10616128057988523,-0.10644194163555258,0.10644194163555258,0
PAR,main track,raw total,1982,-0.10882424438862329,-0.11126946898341553,0.11126946898341553,0
PAR,main track,raw total,1983,-0.11881533101045297,-0.11764826306841104,0.11764826306841104,-
PAR,main track,raw total,1984,-0.11454033771106942,-0.12430785759584052,0.12430785759584052,0
PAR,main track,raw total,1985,-0.12125506072874494,-0.1348436532190503,0.1348436532190503,0
PAR,main track,raw total,1986,-0.10296531349162928,-0.13648209304288153,0.13648209304288153,0
PAR,main track,raw total,1987,-0.0945945945945946,-0.14525329508882093,0.14525329508882093,0
PAR,main track,raw total,1988,-0.10334620334620334,-0.15487611143210772,0.15487611143210772,0
PAR,main track,raw total,1989,-0.09803921568627451,-0.16344831022762643,0.16344831022762643,0
PAR,main track,raw total,1990,-0.09121466768525592,-0.17171230042345065,0.17171230042345065,0
PAR,main track,raw total,1991,-0.0711898395721925,-0.17996674016235073,0.17996674016235073,0
PAR,main track,raw total,1992,-0.07093108504398828,-0.1921676666541323,0.1921676666541323,0
PAR,main track,raw total,1993,-0.08306451612903226,-0.22234811512144445,0.22234811512144445,0
PAR,main track,raw total,1994,-0.035150166852057844,-0.1932710338992341,0.1932710338992341,0
PAR,main track,raw total,1995,0.008866995073891626,-0.18233508311548327,0.18233508311548327,0
PAR,main track,raw total,1996,0.031198686371100164,-0.1875721331284614,0.1875721331284614,0
PAR,main track,raw total,1997,0.050061050061050064,-0.2049442372038396,0.2049442372038396,0
PAR,main track,raw total,1998,0.027008547008547008,-0.21892313303178068,0.21892313303178068,0
PAR,main track,raw total,1999,0.01769230769230769,-0.2397833521863204,0.2397833521863204,0
PAR,main track,raw total,2000,0.027391304347826086,-0.2596061413262461,0.2596061413262461,0
PAR,main track,all four,1951,-0.07713192644699494,-0.04530122723522316,0.04530122723522316,-
PAR,main track,all four,1952,-0.08357450639912535,-0.046086226762717765,0.046086226762717765,-
PAR,main track,all four,1953,-0.08323272971160295,-0.04745984407031244,0.04745984407031244,-
PAR,main track,all four,1954,-0.08896859417373808,-0.04781239249767154,0.04781239249767154,-
PAR,main track,all four,1955,-0.0938253562294483,-0.04889394912476288,0.04889394912476288,-
PAR,main track,all four,1956,-0.10426766423636294,-0.049496300266217735,0.049496300266217735,-
PAR,main track,all four,1957,-0.0965360363955623,-0.05202907741455885,0.05202907741455885,-
PAR,main track,all four,1958,-0.10472810771318233,-0.05132402079841845,0.05132402079841845,-
PAR,main track,all four,1959,-0.11066433566433566,-0.05141885720788903,0.05141885720788903,-
PAR,main track,all four,1960,-0.11701007326007326,-0.05225940669229927,0.05225940669229927,-
PAR,main track,all four,1961,-0.11919162826420891,-0.0545260234187198,0.0545260234187198,-
PAR,main track,all four,1962,-0.10871043287754023,-0.055667387576378735,0.055667387576378735,-
PAR,main track,all four,1963,-0.11173982020095188,-0.05649830197664322,0.05649830197664322,-
PAR,main track,all four,1964,-0.1233676021116977,-0.06221714550883625,0.06221714550883625,-
PAR,main track,all four,1965,-0.10794856808883693,-0.060825583818466505,0.060825583818466505,-
PAR,main track,all four,1966,-0.10701651850256852,-0.06298226566044976,0.06298226566044976,-
PAR,main track,all four,1967,-0.10766139486647654,-0.06558480179270434,0.06558480179270434,-
PAR,main track,all four,1968,-0.09842788790157211,-0.06956424916780057,0.06956424916780057,-
PAR,main track,all four,1969,-0.10815295815295815,-0.07007001754180783,0.07007001754180783,-
PAR,main track,all four,1970,-0.11248332380407852,-0.07380904972940601,0.07380904972940601,-
PAR,main track,all four,1971,-0.10401548137397194,-0.07125512194614611,0.07125512194614611,-
PAR,main track,all four,1972,-0.0807222743959703,-0.0738550328233514,0.0738550328233514,-
PAR,main track,all four,1973,-0.08968325791855204,-0.07617140398199261,0.07617140398199261,-
PAR,main track,all four,1974,-0.08974789915966387,-0.07955354743113775,0.07955354743113775,-
PAR,main track,all four,1975,-0.08193877551020408,-0.08448484387331284,0.08448484387331284,0
PAR,main track,all four,1976,-0.09151107251411203,-0.08613198470258472,0.08613198470258472,-
PAR,main track,all four,1977,-0.09655411655874191,-0.0882000199440116,0.0882000199440116,-
PAR,main track,all four,1978,-0.110699969164354,-0.09166462132363883,0.09166462132363883,-
PAR,main track,all four,1979,-0.108300395256917,-0.09548378149820307,0.09548378149820307,-
PAR,main track,all four,1980,-0.09570119802677943,-0.10006243579533898,0.10006243579533898,0
PAR,main track,all four,1981,-0.10087586831772878,-0.10458936204327211,0.10458936204327211,0
PAR,main track,all four,1982,-0.10299003322259136,-0.1094651653522205,0.1094651653522205,0
PAR,main track,all four,1983,-0.11236933797909408,-0.11590543763595172,0.11590543763595172,0
PAR,main track,all four,1984,-0.10741088180112571,-0.12295667142664164,0.12295667142664164,0
PAR,main track,all four,1985,-0.11740890688259109,-0.13329303873911716,0.13329303873911716,0
PAR,main track,all four,1986,-0.10296531349162928,-0.13648209304288153,0.13648209304288153,0
PAR,main track,all four,1987,-0.0945945945945946,-0.14525329508882093,0.14525329508882093,0
PAR,main track,all four,1988,-0.10334620334620334,-0.15487611143210772,0.15487611143210772,0
PAR,main track,all four,1989,-0.09803921568627451,-0.16344831022762643,0.16344831022762643,0
PAR,main track,all four,1990,-0.09121466768525592,-0.17171230042345065,0.17171230042345065,0
PAR,main track,all four,1991,-0.0711898395721925,-0.17996674016235073,0.17996674016235073,0
PAR,main track,all four,1992,-0.07093108504398828,-0.1921676666541323,0.1921676666541323,0
PAR,main track,all four,1993,-0.08306451612903226,-0.22234811512144445,0.22234811512144445,0
PAR,main track,all four,1994,-0.035150166852057844,-0.1932710338992341,0.1932710338992341,0
PAR,main track,all four,1995,0.008866995073891626,-0.18233508311548327,0.18233508311548327,0
PAR,main track,all four,1996,0.031198686371100164,-0.1875721331284614,0.1875721331284614,0
PAR,main track,all four,1997,0.050061050061050064,-0.2049442372038396,0.2049442372038396,0
PAR,main track,all four,1998,0.027008547008547008,-0.21892313303178068,0.21892313303178068,0
PAR,main track,all four,1999,0.01769230769230769,-0.2397833521863204,0.2397833521863204,0
PAR,main track,all four,2000,0.027391304347826086,-0.2596061413262461,0.2596061413262461,0
PAR,main track,JMA+JTWC+CMA,1951,-0.0732753301246452,-0.04399122725315704,0.04399122725315704,-
PAR,main track,JMA+JTWC+CMA,1952,-0.0794102514631166,-0.044845309205704446,0.044845309205704446,-
PAR,main track,JMA+JTWC+CMA,1953,-0.07873910127431254,-0.046234933523628244,0.046234933523628244,-
PAR,main track,JMA+JTWC+CMA,1954,-0.08412212404863967,-0.046428030531838645,0.046428030531838645,-
PAR,main track,JMA+JTWC+CMA,1955,-0.08860065765436609,-0.04724925803533475,0.04724925803533475,-
PAR,main track,JMA+JTWC+CMA,1956,-0.09863724853990916,-0.04871026324365955,0.04871026324365955,-
PAR,main track,JMA+JTWC+CMA,1957,-0.09047010934631655,-0.05120992019331675,0.05120992019331675,-
PAR,main track,JMA+JTWC+CMA,1958,-0.09819434297046237,-0.050681140988926184,0.050681140988926184,-
PAR,main track,JMA+JTWC+CMA,1959,-0.10362762237762238,-0.05094683744877451,0.05094683744877451,-
PAR,main track,JMA+JTWC+CMA,1960,-0.10943223443223443,-0.051894654912553115,0.051894654912553115,-
PAR,main track,JMA+JTWC+CMA,1961,-0.1110311059907834,-0.05399290634747611,0.05399290634747611,-
PAR,main track,JMA+JTWC+CMA,1962,-0.1030948603661454,-0.055822062327463055,0.055822062327463055,-
PAR,main track,JMA+JTWC+CMA,1963,-0.10729772607086198,-0.05620400681864248,0.05620400681864248,-
PAR,main track,JMA+JTWC+CMA,1964,-0.11853292581272576,-0.060922501798960686,0.060922501798960686,-
PAR,main track,JMA+JTWC+CMA,1965,-0.10619520748100526,-0.06122998561640001,0.06122998561640001,-
PAR,main track,JMA+JTWC+CMA,1966,-0.10686271494047803,-0.06340086247024694,0.06340086247024694,-
PAR,main track,JMA+JTWC+CMA,1967,-0.10740212600466684,-0.06601944843517148,0.06601944843517148,-
PAR,main track,JMA+JTWC+CMA,1968,-0.09805194805194806,-0.07007265957398404,0.07007265957398404,-
PAR,main track,JMA+JTWC+CMA,1969,-0.10764790764790765,-0.07064804066759671,0.07064804066759671,-
PAR,main track,JMA+JTWC+CMA,1970,-0.1118353344768439,-0.07446344170980611,0.07446344170980611,-
PAR,main track,JMA+JTWC+CMA,1971,-0.1032091598129334,-0.07173018176124822,0.07173018176124822,-
PAR,main track,JMA+JTWC+CMA,1972,-0.07974045931870571,-0.07437062371281078,0.07437062371281078,-
PAR,main track,JMA+JTWC+CMA,1973,-0.08850678733031674,-0.07680804693234308,0.07680804693234308,-
PAR,main track,JMA+JTWC+CMA,1974,-0.08835534213685474,-0.0801963643890835,0.0801963643890835,-
PAR,main track,JMA+JTWC+CMA,1975,-0.0803061224489796,-0.08523013853179598,0.08523013853179598,0
PAR,main track,JMA+JTWC+CMA,1976,-0.08961137646547981,-0.08632129460688172,0.08632129460688172,-
PAR,main track,JMA+JTWC+CMA,1977,-0.0971322849213691,-0.08715291799950219,0.08715291799950219,-
PAR,main track,JMA+JTWC+CMA,1978,-0.11119333950046253,-0.09062850281337664,0.09062850281337664,-
PAR,main track,JMA+JTWC+CMA,1979,-0.10869565217391304,-0.09435770564666335,0.09435770564666335,-
PAR,main track,JMA+JTWC+CMA,1980,-0.0959830866807611,-0.09885164719957366,0.09885164719957366,0
PAR,main track,JMA+JTWC+CMA,1981,-0.10102688009664754,-0.10334699514254884,0.10334699514254884,0
PAR,main track,JMA+JTWC+CMA,1982,-0.10299003322259136,-0.10819643335021124,0.10819643335021124,0
PAR,main track,JMA+JTWC+CMA,1983,-0.11219512195121951,-0.11465607424460218,0.11465607424460218,0
PAR,main track,JMA+JTWC+CMA,1984,-0.10703564727954971,-0.12167629214618074,0.12167629214618074,0
PAR,main track,JMA+JTWC+CMA,1985,-0.11680161943319838,-0.1307585682067397,0.1307585682067397,0
PAR,main track,JMA+JTWC+CMA,1986,-0.10635736951526426,-0.1353204128266322,0.1353204128266322,0
PAR,main track,JMA+JTWC+CMA,1987,-0.09815078236130868,-0.14408159405175203,0.14408159405175203,0
PAR,main track,JMA+JTWC+CMA,1988,-0.10707850707850708,-0.15361672948442856,0.15361672948442856,0
PAR,main track,JMA+JTWC+CMA,1989,-0.10196078431372549,-0.1621613289851266,0.1621613289851266,0
PAR,main track,JMA+JTWC+CMA,1990,-0.09533995416348358,-0.1704339233516203,0.1704339233516203,0
PAR,main track,JMA+JTWC+CMA,1991,-0.07553475935828877,-0.17873357788034933,0.17873357788034933,0
PAR,main track,JMA+JTWC+CMA,1992,-0.07551319648093842,-0.19083377775359522,0.19083377775359522,0
PAR,main track,JMA+JTWC+CMA,1993,-0.08790322580645162,-0.2214788761584421,0.2214788761584421,0
PAR,main track,JMA+JTWC+CMA,1994,-0.040266963292547274,-0.1921083272100585,0.1921083272100585,0
PAR,main track,JMA+JTWC+CMA,1995,0.0034482758620689655,-0.18114730402088688,0.18114730402088688,0
PAR,main track,JMA+JTWC+CMA,1996,0.025451559934318555,-0.18642957970532795,0.18642957970532795,0
PAR,main track,JMA+JTWC+CMA,1997,0.04395604395604396,-0.20394016249524355,0.20394016249524355,0
PAR,main track,JMA+JTWC+CMA,1998,0.020512820512820513,-0.21755164461241353,0.21755164461241353,0
PAR,main track,JMA+JTWC+CMA,1999,0.010769230769230769,-0.23832067282528444,0.23832067282528444,0
PAR,main track,JMA+JTWC+CMA,2000,0.02,-0.2581644255692336,0.2581644255692336,0
PAR,main track,JMA,1951,-0.03298161174873503,-0.041759822750448844,0.041759822750448844,0
PAR,main track,JMA,1952,-0.036867322657405624,-0.04323796301420945,0.04323796301420945,0
PAR,main track,JMA,1953,-0.03380281690140845,-0.044486240090669905,0.044486240090669905,0
PAR,main track,JMA,1954,-0.0353949785670545,-0.04551498388215952,0.04551498388215952,0
PAR,main track,JMA,1955,-0.03964194373401535,-0.0455055807535926,0.0455055807535926,0
PAR,main track,JMA,1956,-0.046856510287437494,-0.046585683644396504,0.046585683644396504,-
PAR,main track,JMA,1957,-0.04517519355096177,-0.04838541063508107,0.04838541063508107,0
PAR,main track,JMA,1958,-0.05166475315729047,-0.04902249017408697,0.04902249017408697,-
PAR,main track,JMA,1959,-0.05292832167832168,-0.050573547203941166,0.050573547203941166,-
PAR,main track,JMA,1960,-0.05274725274725275,-0.052212816420805906,0.052212816420805906,-
PAR,main track,JMA,1961,-0.05553955453149002,-0.05386131639869125,0.05386131639869125,-
PAR,main track,JMA,1962,-0.05534990304953288,-0.05564890289806592,0.05564890289806592,0
PAR,main track,JMA,1963,-0.053410893707033315,-0.05773698949602514,0.05773698949602514,0
PAR,main track,JMA,1964,-0.05796054459572103,-0.06243758555517309,0.06243758555517309,0
PAR,main track,JMA,1965,-0.041846873173582703,-0.05927013420629693,0.05927013420629693,0
PAR,main track,JMA,1966,-0.0384508905226245,-0.06098393257542694,0.06098393257542694,0
PAR,main track,JMA,1967,-0.036492092299714805,-0.06277230125511611,0.06277230125511611,0
PAR,main track,JMA,1968,-0.028400546821599454,-0.06541965921191913,0.06541965921191913,0
PAR,main track,JMA,1969,-0.03347763347763348,-0.06627738343105379,0.06627738343105379,0
PAR,main track,JMA,1970,-0.043262816847722506,-0.06667739056022408,0.06667739056022408,0
PAR,main track,JMA,1971,-0.04757297210127399,-0.07248360061509825,0.07248360061509825,0
PAR,main track,JMA,1972,-0.027405446939298216,-0.07406475539543979,0.07406475539543979,0
PAR,main track,JMA,1973,-0.03294117647058824,-0.07547762100367633,0.07547762100367633,0
PAR,main track,JMA,1974,-0.041536614645858345,-0.08150154422075065,0.08150154422075065,0
PAR,main track,JMA,1975,-0.030714285714285715,-0.0870725771342579,0.0870725771342579,0
PAR,main track,JMA,1976,-0.039676508901432914,-0.08983764113387507,0.08983764113387507,0
PAR,main track,JMA,1977,-0.04139685476410731,-0.09365146187229596,0.09365146187229596,0
PAR,main track,JMA,1978,-0.05482577860006167,-0.09541956862018326,0.09541956862018326,0
PAR,main track,JMA,1979,-0.05783926218708827,-0.10186276819300626,0.10186276819300626,0
PAR,main track,JMA,1980,-0.045243128964059194,-0.11071499852930432,0.11071499852930432,0
PAR,main track,JMA,1981,-0.0572334642102084,-0.11575215844175578,0.11575215844175578,0
PAR,main track,JMA,1982,-0.05688355886881128,-0.12160447787682156,0.12160447787682156,0
PAR,main track,JMA,1983,-0.05627177700348432,-0.12798125013675674,0.12798125013675674,0
PAR,main track,JMA,1984,-0.05150093808630394,-0.13554032845848707,0.13554032845848707,0
PAR,main track,JMA,1985,-0.05789473684210526,-0.1456081602795827,0.1456081602795827,0
PAR,main track,JMA,1986,-0.0480358901411533,-0.15023527836918937,0.15023527836918937,0
PAR,main track,JMA,1987,-0.03627311522048364,-0.15949780159062138,0.15949780159062138,0
PAR,main track,JMA,1988,-0.04131274131274131,-0.1711262343424963,0.1711262343424963,0
PAR,main track,JMA,1989,-0.031932773109243695,-0.1787153817093366,0.1787153817093366,0
PAR,main track,JMA,1990,-0.020626432391138275,-0.18708516649624102,0.18708516649624102,0
PAR,main track,JMA,1991,-0.01270053475935829,-0.1966426424485128,0.1966426424485128,0
PAR,main track,JMA,1992,0.008980938416422288,-0.20683187712432374,0.20683187712432374,0
PAR,main track,JMA,1993,0.009274193548387096,-0.22620773371347383,0.22620773371347383,0
PAR,main track,JMA,1994,0.04404894327030033,-0.21066609163945357,0.21066609163945357,0
PAR,main track,JMA,1995,0.08620689655172414,-0.2077910105208635,0.2077910105208635,0
PAR,main track,JMA,1996,0.09770114942528736,-0.22172655646420453,0.22172655646420453,0
PAR,main track,JMA,1997,0.10256410256410256,-0.2401265915333653,0.2401265915333653,0
PAR,main track,JMA,1998,0.08923076923076922,-0.2555882418694801,0.2555882418694801,0
PAR,main track,JMA,1999,0.06153846153846154,-0.26849622815323837,0.26849622815323837,0
PAR,main track,JMA,2000,0.036521739130434785,-0.290788880546638,0.290788880546638,0
PAR,main track,JMA+JTWC,1951,0.01311242749598914,-0.04308144283572163,0.04308144283572163,0
PAR,main track,JMA+JTWC,1952,0.008810856003601517,-0.04499179421415003,0.04499179421415003,0
PAR,main track,JMA+JTWC,1953,0.013782696177062374,-0.04596375994197344,0.04596375994197344,0
PAR,main track,JMA+JTWC,1954,0.012964744991689266,-0.04717362589366686,0.04717362589366686,0
PAR,main track,JMA+JTWC,1955,0.008220679576178298,-0.047378659915176584,0.047378659915176584,0
PAR,main track,JMA+JTWC,1956,0.003034698629614078,-0.04870404407261367,0.04870404407261367,0
PAR,main track,JMA+JTWC,1957,0.004150371138957618,-0.050485146806415554,0.050485146806415554,0
PAR,main track,JMA+JTWC,1958,-0.0030268239223463105,-0.05125674441740273,0.05125674441740273,0
PAR,main track,JMA+JTWC,1959,-0.0036713286713286712,-0.05286503021069296,0.05286503021069296,0
PAR,main track,JMA+JTWC,1960,-0.004372710622710623,-0.054548740793783364,0.054548740793783364,0
PAR,main track,JMA+JTWC,1961,-0.0051363287250384025,-0.056362190108282764,0.056362190108282764,0
PAR,main track,JMA+JTWC,1962,-0.004381657475258744,-0.058199182572450645,0.058199182572450645,0
PAR,main track,JMA+JTWC,1963,-0.0035430988894764675,-0.060299553932156455,0.060299553932156455,0
PAR,main track,JMA+JTWC,1964,-0.009391497638232842,-0.06529338305951929,0.06529338305951929,0
PAR,main track,JMA+JTWC,1965,0.005201636469900643,-0.06308515531844028,0.06308515531844028,0
PAR,main track,JMA+JTWC,1966,0.008643760189485988,-0.06510741511534679,0.06510741511534679,0
PAR,main track,JMA+JTWC,1967,0.008685506870624839,-0.06756671068386144,0.06756671068386144,0
PAR,main track,JMA+JTWC,1968,0.014559125085440876,-0.07092860367468254,0.07092860367468254,0
PAR,main track,JMA+JTWC,1969,0.006926406926406926,-0.07044401651449232,0.07044401651449232,0
PAR,main track,JMA+JTWC,1970,-0.005793786925862398,-0.06897600796846567,0.06897600796846567,0
PAR,main track,JMA+JTWC,1971,-0.013465570069343654,-0.07529645930565271,0.07529645930565271,0
PAR,main track,JMA+JTWC,1972,0.00286007000768377,-0.07888359715628374,0.07888359715628374,0
PAR,main track,JMA+JTWC,1973,-0.004705882352941176,-0.07939611314676365,0.07939611314676365,0
PAR,main track,JMA+JTWC,1974,-0.01565426170468187,-0.08481042589881226,0.08481042589881226,0
PAR,main track,JMA+JTWC,1975,-0.007551020408163266,-0.0892871690668881,0.0892871690668881,0
PAR,main track,JMA+JTWC,1976,-0.014329135909683021,-0.09201349648568129,0.09201349648568129,0
PAR,main track,JMA+JTWC,1977,-0.019195189639222943,-0.09420822958674831,0.09420822958674831,0
PAR,main track,JMA+JTWC,1978,-0.0362627197039778,-0.09607208567709344,0.09607208567709344,0
PAR,main track,JMA+JTWC,1979,-0.03741765480895916,-0.10144134587852538,0.10144134587852538,0
PAR,main track,JMA+JTWC,1980,-0.025933756166314305,-0.10815425064671423,0.10815425064671423,0
PAR,main track,JMA+JTWC,1981,-0.035940803382663845,-0.11100726793523578,0.11100726793523578,0
PAR,main track,JMA+JTWC,1982,-0.043837614455878776,-0.11468497929750014,0.11468497929750014,0
PAR,main track,JMA+JTWC,1983,-0.05278745644599303,-0.12075341960342051,0.12075341960342051,0
PAR,main track,JMA+JTWC,1984,-0.051407129455909945,-0.12749555131367907,0.12749555131367907,0
PAR,main track,JMA+JTWC,1985,-0.06174089068825911,-0.13341004564293993,0.13341004564293993,0
PAR,main track,JMA+JTWC,1986,-0.06499617025932815,-0.14104144986739237,0.14104144986739237,0
PAR,main track,JMA+JTWC,1987,-0.06401137980085349,-0.1498167199626268,0.1498167199626268,0
PAR,main track,JMA+JTWC,1988,-0.08159588159588159,-0.15419293642990994,0.15419293642990994,0
PAR,main track,JMA+JTWC,1989,-0.09187675070028012,-0.16224772132254772,0.16224772132254772,0
PAR,main track,JMA+JTWC,1990,-0.09824293353705119,-0.17520794101904988,0.17520794101904988,0
PAR,main track,JMA+JTWC,1991,-0.08255347593582887,-0.1842877329389784,0.1842877329389784,0
PAR,main track,JMA+JTWC,1992,-0.0813782991202346,-0.19710131429351185,0.19710131429351185,0
PAR,main track,JMA+JTWC,1993,-0.09879032258064516,-0.23332288240073012,0.23332288240073012,0
PAR,main track,JMA+JTWC,1994,-0.05027808676307008,-0.20285088070084042,0.20285088070084042,0
PAR,main track,JMA+JTWC,1995,-0.00541871921182266,-0.19073945059233183,0.19073945059233183,0
PAR,main track,JMA+JTWC,1996,0.0180623973727422,-0.19527965047907594,0.19527965047907594,0
PAR,main track,JMA+JTWC,1997,0.038461538461538464,-0.21263873022447474,0.21263873022447474,0
PAR,main track,JMA+JTWC,1998,0.017435897435897435,-0.22885285606460204,0.22885285606460204,0
PAR,main track,JMA+JTWC,1999,0.010769230769230769,-0.24960469964429985,0.24960469964429985,0
PAR,main track,JMA+JTWC,2000,0.013043478260869565,-0.27239944048044823,0.27239944048044823,0
PAR,main track,JTWC,1951,0.044427989633469084,-0.043098736589980056,0.043098736589980056,+
PAR,main track,JTWC,1952,0.037848093124959806,-0.04574950048111081,0.04574950048111081,0
PAR,main track,JTWC,1953,0.04513749161636486,-0.04595651023069994,0.04595651023069994,0
PAR,main track,JTWC,1954,0.04556031843233313,-0.04738589952053469,0.04738589952053469,0
PAR,main track,JTWC,1955,0.040847643405188164,-0.04759641793114134,0.04759641793114134,0
PAR,main track,JTWC,1956,0.035652937359239606,-0.04920734187672417,0.04920734187672417,0
PAR,main track,JTWC,1957,0.03807167371697662,-0.05113329102174512,0.05113329102174512,0
PAR,main track,JTWC,1958,0.03227220540653376,-0.05129699042379946,0.05129699042379946,0
PAR,main track,JTWC,1959,0.027316433566433568,-0.052744887482036165,0.052744887482036165,0
PAR,main track,JTWC,1960,0.02779304029304029,-0.05444110758577823,0.05444110758577823,0
PAR,main track,JTWC,1961,0.026737711213517666,-0.05606989873087558,0.05606989873087558,0
PAR,main track,JTWC,1962,0.022361562287527385,-0.057773267108454776,0.057773267108454776,0
PAR,main track,JTWC,1963,0.02242199894235854,-0.059754612382442,0.059754612382442,0
PAR,main track,JTWC,1964,0.01567101972770214,-0.06380710627124023,0.06380710627124023,0
PAR,main track,JTWC,1965,0.02571595558153127,-0.06397033433811651,0.06397033433811651,0
PAR,main track,JTWC,1966,0.027715401888707743,-0.06650335649931105,0.06650335649931105,0
PAR,main track,JTWC,1967,0.022361939331086336,-0.06902740468851996,0.06902740468851996,0
PAR,main track,JTWC,1968,0.02416267942583732,-0.07217069556030017,0.07217069556030017,0
PAR,main track,JTWC,1969,0.013997113997113998,-0.07018812822797116,0.07018812822797116,0
PAR,main track,JTWC,1970,0.0005336382694873261,-0.06886234785053152,0.06886234785053152,0
PAR,main track,JTWC,1971,-0.005805515239477504,-0.07443372590461278,0.07443372590461278,0
PAR,main track,JTWC,1972,0.009732775548535815,-0.07723201162794804,0.07723201162794804,0
PAR,main track,JTWC,1973,0.0036199095022624436,-0.07790857945383632,0.07790857945383632,0
PAR,main track,JTWC,1974,-0.010612244897959184,-0.08380358523569963,0.08380358523569963,0
PAR,main track,JTWC,1975,-0.0011224489795918367,-0.08773148901884983,0.08773148901884983,0
PAR,main track,JTWC,1976,-0.006350412505427703,-0.09098291765514449,0.09098291765514449,0
PAR,main track,JTWC,1977,-0.009481961147086031,-0.09403273040231927,0.09403273040231927,0
PAR,main track,JTWC,1978,-0.027505396238051188,-0.09499765154833499,0.09499765154833499,0
PAR,main track,JTWC,1979,-0.029776021080368906,-0.10010588034393794,0.10010588034393794,0
PAR,main track,JTWC,1980,-0.022762508809020438,-0.10589873018474505,0.10589873018474505,0
PAR,main track,JTWC,1981,-0.03125943823618242,-0.10881092896998186,0.10881092896998186,0
PAR,main track,JTWC,1982,-0.04092050887286282,-0.11221785459844796,0.11221785459844796,0
PAR,main track,JTWC,1983,-0.04825783972125436,-0.11852116208939796,0.11852116208939796,0
PAR,main track,JTWC,1984,-0.0450281425891182,-0.12561587787189132,0.12561587787189132,0
PAR,main track,JTWC,1985,-0.05728744939271255,-0.12834944858944752,0.12834944858944752,0
PAR,main track,JTWC,1986,-0.07134259765838713,-0.13405635141767053,0.13405635141767053,0
PAR,main track,JTWC,1987,-0.07396870554765292,-0.141139900171481,0.141139900171481,0
PAR,main track,JTWC,1988,-0.09099099099099099,-0.14249900325786757,0.14249900325786757,0
PAR,main track,JTWC,1989,-0.11064425770308123,-0.14744705836757055,0.14744705836757055,0
PAR,main track,JTWC,1990,-0.1173414820473644,-0.15900453497134398,0.15900453497134398,0
PAR,main track,JTWC,1991,-0.1019385026737968,-0.16710033407802544,0.16710033407802544,0
PAR,main track,JTWC,1992,-0.10098973607038123,-0.17851397540365627,0.17851397540365627,0
PAR,main track,JTWC,1993,-0.11854838709677419,-0.2093109090485983,0.2093109090485983,0
PAR,main track,JTWC,1994,-0.07007786429365963,-0.17936471496698517,0.17936471496698517,0
PAR,main track,JTWC,1995,-0.025123152709359605,-0.16615289487012455,0.16615289487012455,0
PAR,main track,JTWC,1996,-0.0013683634373289546,-0.16890747247828974,0.16890747247828974,0
PAR,main track,JTWC,1997,0.019536019536019536,-0.18303459469702005,0.18303459469702005,0
PAR,main track,JTWC,1998,-0.0006837606837606838,-0.19682194291364855,0.19682194291364855,0
PAR,main track,JTWC,1999,-0.006153846153846154,-0.21451678027006474,0.21451678027006474,0
PAR,main track,JTWC,2000,-0.002173913043478261,-0.23333313641467252,0.23333313641467252,0
PAR,>=2 fixes,raw total,1951,-0.10597926693817104,-0.04454702246107445,0.04454702246107445,-
PAR,>=2 fixes,raw total,1952,-0.11272429095118656,-0.04554976796982084,0.04554976796982084,-
PAR,>=2 fixes,raw total,1953,-0.11026156941649899,-0.047007804621649406,0.047007804621649406,-
PAR,>=2 fixes,raw total,1954,-0.11365584813227189,-0.04773061093291327,0.04773061093291327,-
PAR,>=2 fixes,raw total,1955,-0.11848739495798319,-0.04858046476102454,0.04858046476102454,-
PAR,>=2 fixes,raw total,1956,-0.12886971790663054,-0.050190074648004714,0.050190074648004714,-
PAR,>=2 fixes,raw total,1957,-0.11968233697821055,-0.05325096112947165,0.05325096112947165,-
PAR,>=2 fixes,raw total,1958,-0.12904707233065443,-0.05247109640426096,0.05247109640426096,-
PAR,>=2 fixes,raw total,1959,-0.1333479020979021,-0.053315535697594,0.053315535697594,-
PAR,>=2 fixes,raw total,1960,-0.13786630036630038,-0.05435645519794806,0.05435645519794806,-
PAR,>=2 fixes,raw total,1961,-0.1410810291858679,-0.056825091937829385,0.056825091937829385,-
PAR,>=2 fixes,raw total,1962,-0.13328800584220996,-0.05884067355422982,0.05884067355422982,-
PAR,>=2 fixes,raw total,1963,-0.13759915388683236,-0.05988531367307724,0.05988531367307724,-
PAR,>=2 fixes,raw total,1964,-0.14381772714642957,-0.06403184767337561,0.06403184767337561,-
PAR,>=2 fixes,raw total,1965,-0.13115137346580946,-0.06299400007792734,0.06299400007792734,-
PAR,>=2 fixes,raw total,1966,-0.12777999938478576,-0.06504305970262118,0.06504305970262118,-
PAR,>=2 fixes,raw total,1967,-0.12756028001037076,-0.06759814346971621,0.06759814346971621,-
PAR,>=2 fixes,raw total,1968,-0.11343130553656869,-0.07194144991996171,0.07194144991996171,-
PAR,>=2 fixes,raw total,1969,-0.12373737373737374,-0.07277309754295104,0.07277309754295104,-
PAR,>=2 fixes,raw total,1970,-0.12658662092624356,-0.0768916399850236,0.0768916399850236,-
PAR,>=2 fixes,raw total,1971,-0.11425576519916142,-0.07114435212477671,0.07114435212477671,-
PAR,>=2 fixes,raw total,1972,-0.09113805173738582,-0.07387136882244533,0.07387136882244533,-
PAR,>=2 fixes,raw total,1973,-0.10027149321266968,-0.07542874594566223,0.07542874594566223,-
PAR,>=2 fixes,raw total,1974,-0.102953181272509,-0.0792824781557454,0.0792824781557454,-
PAR,>=2 fixes,raw total,1975,-0.09551020408163265,-0.08356367792110696,0.08356367792110696,-
PAR,>=2 fixes,raw total,1976,-0.1028006947459835,-0.08580049011608225,0.08580049011608225,-
PAR,>=2 fixes,raw total,1977,-0.1080018501387604,-0.0877927441737133,0.0877927441737133,-
PAR,>=2 fixes,raw total,1978,-0.12229417206290472,-0.09108088020200115,0.09108088020200115,-
PAR,>=2 fixes,raw total,1979,-0.12002635046113307,-0.0949276300264607,0.0949276300264607,-
PAR,>=2 fixes,raw total,1980,-0.104369274136716,-0.0989644454779949,0.0989644454779949,-
PAR,>=2 fixes,raw total,1981,-0.1093325279371791,-0.10348355644865403,0.10348355644865403,-
PAR,>=2 fixes,raw total,1982,-0.11117413499716393,-0.10837147947967637,0.10837147947967637,-
PAR,>=2 fixes,raw total,1983,-0.12020905923344948,-0.11479305136368935,0.11479305136368935,-
PAR,>=2 fixes,raw total,1984,-0.11482176360225141,-0.12116116322060386,0.12116116322060386,0
PAR,>=2 fixes,raw total,1985,-0.12024291497975709,-0.1302212167257703,0.1302212167257703,0
PAR,>=2 fixes,raw total,1986,-0.10471605208447314,-0.13254522797616725,0.13254522797616725,0
PAR,>=2 fixes,raw total,1987,-0.09506875296348981,-0.14070070979309873,0.14070070979309873,0
PAR,>=2 fixes,raw total,1988,-0.10231660231660232,-0.14927667346874576,0.14927667346874576,0
PAR,>=2 fixes,raw total,1989,-0.10028011204481793,-0.15821656125285052,0.15821656125285052,0
PAR,>=2 fixes,raw total,1990,-0.09732620320855614,-0.16791641084114567,0.16791641084114567,0
PAR,>=2 fixes,raw total,1991,-0.07620320855614973,-0.17518717312017845,0.17518717312017845,0
PAR,>=2 fixes,raw total,1992,-0.07459677419354839,-0.18714434771160537,0.18714434771160537,0
PAR,>=2 fixes,raw total,1993,-0.08508064516129032,-0.21467573852140656,0.21467573852140656,0
PAR,>=2 fixes,raw total,1994,-0.035150166852057844,-0.1875690417618677,0.1875690417618677,0
PAR,>=2 fixes,raw total,1995,0.003940886699507389,-0.1797861772584276,0.1797861772584276,0
PAR,>=2 fixes,raw total,1996,0.028188286808976466,-0.18354089592846423,0.18354089592846423,0
PAR,>=2 fixes,raw total,1997,0.04945054945054945,-0.20205081299864486,0.20205081299864486,0
PAR,>=2 fixes,raw total,1998,0.02017094017094017,-0.21494598375721033,0.21494598375721033,0
PAR,>=2 fixes,raw total,1999,0.013076923076923076,-0.23534109552955984,0.23534109552955984,0
PAR,>=2 fixes,raw total,2000,0.025652173913043478,-0.2536289489150553,0.2536289489150553,0
PAR,>=2 fixes,all four,1951,-0.07821177341725287,-0.04357039510277463,0.04357039510277463,-
PAR,>=2 fixes,all four,1952,-0.08436233841404592,-0.044400598876456976,0.044400598876456976,-
PAR,>=2 fixes,all four,1953,-0.08370221327967807,-0.04577467808286175,0.04577467808286175,-
PAR,>=2 fixes,all four,1954,-0.08909106814801855,-0.04594835282449314,0.04594835282449314,-
PAR,>=2 fixes,all four,1955,-0.09356960175374497,-0.04701293494668562,0.04701293494668562,-
PAR,>=2 fixes,all four,1956,-0.10359964881474978,-0.04772702648671699,0.04772702648671699,-
PAR,>=2 fixes,all four,1957,-0.09677548088434831,-0.050126980895356214,0.050126980895356214,-
PAR,>=2 fixes,all four,1958,-0.10456111053125978,-0.04954780923188117,0.04954780923188117,-
PAR,>=2 fixes,all four,1959,-0.11005244755244756,-0.04976258821664418,0.04976258821664418,-
PAR,>=2 fixes,all four,1960,-0.11591117216117217,-0.05049944564861327,0.05049944564861327,-
PAR,>=2 fixes,all four,1961,-0.11909562211981567,-0.05281123896323073,0.05281123896323073,-
PAR,>=2 fixes,all four,1962,-0.10971771045805948,-0.05397784113987115,0.05397784113987115,-
PAR,>=2 fixes,all four,1963,-0.11232152300370174,-0.05491909371558299,0.05491909371558299,-
PAR,>=2 fixes,all four,1964,-0.12347874409558211,-0.05948234522301898,0.05948234522301898,-
PAR,>=2 fixes,all four,1965,-0.11104617182933957,-0.05898625443120515,0.05898625443120515,-
PAR,>=2 fixes,all four,1966,-0.10978498262019748,-0.0611227563379582,0.0611227563379582,-
PAR,>=2 fixes,all four,1967,-0.11193933108633652,-0.06402710657715732,0.06402710657715732,-
PAR,>=2 fixes,all four,1968,-0.10242652084757348,-0.06785793037609607,0.06785793037609607,-
PAR,>=2 fixes,all four,1969,-0.11183261183261184,-0.06846447153255039,0.06846447153255039,-
PAR,>=2 fixes,all four,1970,-0.11579950447874976,-0.07213085759645572,0.07213085759645572,-
PAR,>=2 fixes,all four,1971,-0.1069182389937107,-0.06941821663689468,0.06941821663689468,-
PAR,>=2 fixes,all four,1972,-0.08541791172201826,-0.07200110159822427,0.07200110159822427,-
PAR,>=2 fixes,all four,1973,-0.09402714932126696,-0.07375238463552625,0.07375238463552625,-
PAR,>=2 fixes,all four,1974,-0.0961344537815126,-0.0774726551351337,0.0774726551351337,-
PAR,>=2 fixes,all four,1975,-0.08806122448979592,-0.0821700623689059,0.0821700623689059,-
PAR,>=2 fixes,all four,1976,-0.09731871471993052,-0.08390142154295165,0.08390142154295165,-
PAR,>=2 fixes,all four,1977,-0.10198889916743756,-0.08606961744571216,0.08606961744571216,-
PAR,>=2 fixes,all four,1978,-0.11569534381745297,-0.08961071683874432,0.08961071683874432,-
PAR,>=2 fixes,all four,1979,-0.11277997364953887,-0.09309335769224887,0.09309335769224887,-
PAR,>=2 fixes,all four,1980,-0.09957716701902748,-0.0971817523049809,0.0971817523049809,-
PAR,>=2 fixes,all four,1981,-0.10404711567502266,-0.10172158072754806,0.10172158072754806,-
PAR,>=2 fixes,all four,1982,-0.105339923831132,-0.10663190060498132,0.10663190060498132,0
PAR,>=2 fixes,all four,1983,-0.11376306620209059,-0.11307702006537437,0.11307702006537437,-
PAR,>=2 fixes,all four,1984,-0.1076923076923077,-0.11984580786706593,0.11984580786706593,0
PAR,>=2 fixes,all four,1985,-0.11639676113360324,-0.12872073680062857,0.12872073680062857,0
PAR,>=2 fixes,all four,1986,-0.10471605208447314,-0.13254522797616725,0.13254522797616725,0
PAR,>=2 fixes,all four,1987,-0.09506875296348981,-0.14070070979309873,0.14070070979309873,0
PAR,>=2 fixes,all four,1988,-0.10231660231660232,-0.14927667346874576,0.14927667346874576,0
PAR,>=2 fixes,all four,1989,-0.10028011204481793,-0.15821656125285052,0.15821656125285052,0
PAR,>=2 fixes,all four,1990,-0.09732620320855614,-0.16791641084114567,0.16791641084114567,0
PAR,>=2 fixes,all four,1991,-0.07620320855614973,-0.17518717312017845,0.17518717312017845,0
PAR,>=2 fixes,all four,1992,-0.07459677419354839,-0.18714434771160537,0.18714434771160537,0
PAR,>=2 fixes,all four,1993,-0.08508064516129032,-0.21467573852140656,0.21467573852140656,0
PAR,>=2 fixes,all four,1994,-0.035150166852057844,-0.1875690417618677,0.1875690417618677,0
PAR,>=2 fixes,all four,1995,0.003940886699507389,-0.1797861772584276,0.1797861772584276,0
PAR,>=2 fixes,all four,1996,0.028188286808976466,-0.18354089592846423,0.18354089592846423,0
PAR,>=2 fixes,all four,1997,0.04945054945054945,-0.20205081299864486,0.20205081299864486,0
PAR,>=2 fixes,all four,1998,0.02017094017094017,-0.21494598375721033,0.21494598375721033,0
PAR,>=2 fixes,all four,1999,0.013076923076923076,-0.23534109552955984,0.23534109552955984,0
PAR,>=2 fixes,all four,2000,0.025652173913043478,-0.2536289489150553,0.2536289489150553,0
PAR,>=2 fixes,JMA+JTWC+CMA,1951,-0.07506479081821547,-0.04255602004280229,0.04255602004280229,-
PAR,>=2 fixes,JMA+JTWC+CMA,1952,-0.08095375908418548,-0.04344788736323737,0.04344788736323737,-
PAR,>=2 fixes,JMA+JTWC+CMA,1953,-0.08001341381623071,-0.04483144416827779,0.04483144416827779,-
PAR,>=2 fixes,JMA+JTWC+CMA,1954,-0.08510191584288339,-0.045087371697642674,0.045087371697642674,-
PAR,>=2 fixes,JMA+JTWC+CMA,1955,-0.08925831202046036,-0.04583365586338028,0.04583365586338028,-
PAR,>=2 fixes,JMA+JTWC+CMA,1956,-0.09894262701836089,-0.04716106117643412,0.04716106117643412,-
PAR,>=2 fixes,JMA+JTWC+CMA,1957,-0.09174714661984197,-0.049528830456416074,0.049528830456416074,-
PAR,>=2 fixes,JMA+JTWC+CMA,1958,-0.09913370211877674,-0.04911635935835269,0.04911635935835269,-
PAR,>=2 fixes,JMA+JTWC+CMA,1959,-0.1041958041958042,-0.04948498703260495,0.04948498703260495,-
PAR,>=2 fixes,JMA+JTWC+CMA,1960,-0.10959249084249084,-0.05026767561247934,0.05026767561247934,-
PAR,>=2 fixes,JMA+JTWC+CMA,1961,-0.11227918586789555,-0.05240814144260306,0.05240814144260306,-
PAR,>=2 fixes,JMA+JTWC+CMA,1962,-0.10553750849890459,-0.054218942528303594,0.054218942528303594,-
PAR,>=2 fixes,JMA+JTWC+CMA,1963,-0.1094130089899524,-0.054691373895927535,0.054691373895927535,-
PAR,>=2 fixes,JMA+JTWC+CMA,1964,-0.12028341205890525,-0.05881057936953413,0.05881057936953413,-
PAR,>=2 fixes,JMA+JTWC+CMA,1965,-0.10929281122150789,-0.059293192517112264,0.059293192517112264,-
PAR,>=2 fixes,JMA+JTWC+CMA,1966,-0.10963117905810699,-0.06138194614640551,0.06138194614640551,-
PAR,>=2 fixes,JMA+JTWC+CMA,1967,-0.11168006222452684,-0.06431052897791278,0.06431052897791278,-
PAR,>=2 fixes,JMA+JTWC+CMA,1968,-0.10205058099794942,-0.06819172960017973,0.06819172960017973,-
PAR,>=2 fixes,JMA+JTWC+CMA,1969,-0.11132756132756133,-0.06886349298469438,0.06886349298469438,-
PAR,>=2 fixes,JMA+JTWC+CMA,1970,-0.11515151515151516,-0.07258802611313427,0.07258802611313427,-
PAR,>=2 fixes,JMA+JTWC+CMA,1971,-0.10611191743267215,-0.06967691352321564,0.06967691352321564,-
PAR,>=2 fixes,JMA+JTWC+CMA,1972,-0.0844360966447537,-0.07223988247793268,0.07223988247793268,-
PAR,>=2 fixes,JMA+JTWC+CMA,1973,-0.09285067873303167,-0.07408462687507379,0.07408462687507379,-
PAR,>=2 fixes,JMA+JTWC+CMA,1974,-0.09474189675870348,-0.07783280761105571,0.07783280761105571,-
PAR,>=2 fixes,JMA+JTWC+CMA,1975,-0.08642857142857142,-0.08258665300125988,0.08258665300125988,-
PAR,>=2 fixes,JMA+JTWC+CMA,1976,-0.0954190186712983,-0.0837874577859708,0.0837874577859708,-
PAR,>=2 fixes,JMA+JTWC+CMA,1977,-0.10256706753006475,-0.0847820826355551,0.0847820826355551,-
PAR,>=2 fixes,JMA+JTWC+CMA,1978,-0.11618871415356152,-0.08831003170927575,0.08831003170927575,-
PAR,>=2 fixes,JMA+JTWC+CMA,1979,-0.11317523056653492,-0.09167825287376088,0.09167825287376088,-
PAR,>=2 fixes,JMA+JTWC+CMA,1980,-0.09985905567300916,-0.0956400571834244,0.0956400571834244,-
PAR,>=2 fixes,JMA+JTWC+CMA,1981,-0.10419812745394141,-0.1001279966440563,0.1001279966440563,-
PAR,>=2 fixes,JMA+JTWC+CMA,1982,-0.105339923831132,-0.10498699400565721,0.10498699400565721,-
PAR,>=2 fixes,JMA+JTWC+CMA,1983,-0.11358885017421602,-0.11140729331694675,0.11140729331694675,-
PAR,>=2 fixes,JMA+JTWC+CMA,1984,-0.1073170731707317,-0.11808971273218968,0.11808971273218968,0
PAR,>=2 fixes,JMA+JTWC+CMA,1985,-0.11578947368421053,-0.12589707324659177,0.12589707324659177,0
PAR,>=2 fixes,JMA+JTWC+CMA,1986,-0.10810810810810811,-0.13100948757624054,0.13100948757624054,0
PAR,>=2 fixes,JMA+JTWC+CMA,1987,-0.09862494073020389,-0.13913022820983184,0.13913022820983184,0
PAR,>=2 fixes,JMA+JTWC+CMA,1988,-0.10604890604890604,-0.14757866842526074,0.14757866842526074,0
PAR,>=2 fixes,JMA+JTWC+CMA,1989,-0.10420168067226891,-0.15643829451732785,0.15643829451732785,0
PAR,>=2 fixes,JMA+JTWC+CMA,1990,-0.1014514896867838,-0.1661088566626869,0.1661088566626869,0
PAR,>=2 fixes,JMA+JTWC+CMA,1991,-0.08054812834224599,-0.17337907197750357,0.17337907197750357,0
PAR,>=2 fixes,JMA+JTWC+CMA,1992,-0.07917888563049853,-0.18520782145443457,0.18520782145443457,0
PAR,>=2 fixes,JMA+JTWC+CMA,1993,-0.08991935483870968,-0.21300824008884842,0.21300824008884842,0
PAR,>=2 fixes,JMA+JTWC+CMA,1994,-0.040266963292547274,-0.18565162139230024,0.18565162139230024,0
PAR,>=2 fixes,JMA+JTWC+CMA,1995,-0.001477832512315271,-0.1778113151500972,0.1778113151500972,0
PAR,>=2 fixes,JMA+JTWC+CMA,1996,0.022441160372194856,-0.1815542620321319,0.1815542620321319,0
PAR,>=2 fixes,JMA+JTWC+CMA,1997,0.043345543345543344,-0.2001271521945643,0.2001271521945643,0
PAR,>=2 fixes,JMA+JTWC+CMA,1998,0.013675213675213675,-0.21251661160447916,0.21251661160447916,0
PAR,>=2 fixes,JMA+JTWC+CMA,1999,0.006153846153846154,-0.23274161465509477,0.23274161465509477,0
PAR,>=2 fixes,JMA+JTWC+CMA,2000,0.018260869565217393,-0.2509604848708089,0.2509604848708089,0
PAR,>=2 fixes,JMA,1951,-0.03387634209552018,-0.04120622755907561,0.04120622755907561,0
PAR,>=2 fixes,JMA,1952,-0.03763907646794006,-0.042699808003843355,0.042699808003843355,0
PAR,>=2 fixes,JMA,1953,-0.034439973172367536,-0.04390856682853196,0.04390856682853196,0
PAR,>=2 fixes,JMA,1954,-0.03588487446417636,-0.04495413306913837,0.04495413306913837,0
PAR,>=2 fixes,JMA,1955,-0.03997077091706248,-0.044990780374238676,0.044990780374238676,0
PAR,>=2 fixes,JMA,1956,-0.04700919952666336,-0.04613502352770348,0.04613502352770348,-
PAR,>=2 fixes,JMA,1957,-0.0451352861361641,-0.04795573452571826,0.04795573452571826,0
PAR,>=2 fixes,JMA,1958,-0.051414257384406636,-0.04866402681642767,0.04866402681642767,-
PAR,>=2 fixes,JMA,1959,-0.05244755244755245,-0.05021851571177548,0.05021851571177548,-
PAR,>=2 fixes,JMA,1960,-0.05201465201465202,-0.05189577889691686,0.05189577889691686,-
PAR,>=2 fixes,JMA,1961,-0.05606758832565284,-0.05346166749843759,0.05346166749843759,-
PAR,>=2 fixes,JMA,1962,-0.05567726826320163,-0.055219362919492594,0.055219362919492594,-
PAR,>=2 fixes,JMA,1963,-0.053516657852987835,-0.05730593388264327,0.05730593388264327,0
PAR,>=2 fixes,JMA,1964,-0.05782161711586552,-0.06169612106126055,0.06169612106126055,0
PAR,>=2 fixes,JMA,1965,-0.043191116306253656,-0.059125725705655545,0.059125725705655545,0
PAR,>=2 fixes,JMA,1966,-0.03961979759451229,-0.060980421350291344,0.060980421350291344,0
PAR,>=2 fixes,JMA,1967,-0.03934404977962147,-0.06328070465412997,0.06328070465412997,0
PAR,>=2 fixes,JMA,1968,-0.03116883116883117,-0.06596842422288961,0.06596842422288961,0
PAR,>=2 fixes,JMA,1969,-0.03614718614718615,-0.06687533265373573,0.06687533265373573,0
PAR,>=2 fixes,JMA,1970,-0.045816657137411856,-0.06733018910812293,0.06733018910812293,0
PAR,>=2 fixes,JMA,1971,-0.049991936784389616,-0.07283985329434355,0.07283985329434355,0
PAR,>=2 fixes,JMA,1972,-0.03193033381712627,-0.07506542039397249,0.07506542039397249,0
PAR,>=2 fixes,JMA,1973,-0.03746606334841629,-0.07652157569902439,0.07652157569902439,0
PAR,>=2 fixes,JMA,1974,-0.04605042016806723,-0.08263642900337843,0.08263642900337843,0
PAR,>=2 fixes,JMA,1975,-0.03520408163265306,-0.08831231129399005,0.08831231129399005,0
PAR,>=2 fixes,JMA,1976,-0.0441272253582284,-0.09115516898219103,0.09115516898219103,0
PAR,>=2 fixes,JMA,1977,-0.04579093432007401,-0.09508106174263603,0.09508106174263603,0
PAR,>=2 fixes,JMA,1978,-0.05914276904101141,-0.0969802891069551,0.0969802891069551,0
PAR,>=2 fixes,JMA,1979,-0.06205533596837945,-0.10352461235047576,0.10352461235047576,0
PAR,>=2 fixes,JMA,1980,-0.04933051444679352,-0.11253147355895314,0.11253147355895314,0
PAR,>=2 fixes,JMA,1981,-0.061159770462096044,-0.11777938030303065,0.11777938030303065,0
PAR,>=2 fixes,JMA,1982,-0.06061097155822057,-0.12372869365208142,0.12372869365208142,0
PAR,>=2 fixes,JMA,1983,-0.05975609756097561,-0.13018545948364546,0.13018545948364546,0
PAR,>=2 fixes,JMA,1984,-0.054690431519699816,-0.1378623270920312,0.1378623270920312,0
PAR,>=2 fixes,JMA,1985,-0.06072874493927125,-0.14813649453706143,0.14813649453706143,0
PAR,>=2 fixes,JMA,1986,-0.0504431557063136,-0.15260531654913378,0.15260531654913378,0
PAR,>=2 fixes,JMA,1987,-0.03816974869606449,-0.1618367853557836,0.1618367853557836,0
PAR,>=2 fixes,JMA,1988,-0.0425997425997426,-0.17364038486585384,0.17364038486585384,0
PAR,>=2 fixes,JMA,1989,-0.032492997198879554,-0.18093496964547565,0.18093496964547565,0
PAR,>=2 fixes,JMA,1990,-0.020320855614973262,-0.188918957693821,0.188918957693821,0
PAR,>=2 fixes,JMA,1991,-0.011363636363636364,-0.1978938420105158,0.1978938420105158,0
PAR,>=2 fixes,JMA,1992,0.01154692082111437,-0.20718337056846403,0.20718337056846403,0
PAR,>=2 fixes,JMA,1993,0.013306451612903225,-0.22567507750527974,0.22567507750527974,0
PAR,>=2 fixes,JMA,1994,0.04983314794215795,-0.2108038434598827,0.2108038434598827,0
PAR,>=2 fixes,JMA,1995,0.08669950738916256,-0.2103624128230532,0.2103624128230532,0
PAR,>=2 fixes,JMA,1996,0.09961685823754789,-0.22386679349047006,0.22386679349047006,0
PAR,>=2 fixes,JMA,1997,0.10622710622710622,-0.2435742348129416,0.2435742348129416,0
PAR,>=2 fixes,JMA,1998,0.08581196581196582,-0.25650118474038663,0.25650118474038663,0
PAR,>=2 fixes,JMA,1999,0.05923076923076923,-0.2704718366169839,0.2704718366169839,0
PAR,>=2 fixes,JMA,2000,0.035652173913043476,-0.2937507558980965,0.2937507558980965,0
PAR,>=2 fixes,JMA+JTWC,1951,0.009163272861902999,-0.04201173241238328,0.04201173241238328,0
PAR,>=2 fixes,JMA+JTWC,1952,0.004919930542157052,-0.04389188962621006,0.04389188962621006,0
PAR,>=2 fixes,JMA+JTWC,1953,0.009959758551307847,-0.04480076880634827,0.04480076880634827,0
PAR,>=2 fixes,JMA+JTWC,1954,0.009220540635115038,-0.04599023932151909,0.04599023932151909,0
PAR,>=2 fixes,JMA+JTWC,1955,0.004567044208987943,-0.04619113512718911,0.04619113512718911,0
PAR,>=2 fixes,JMA+JTWC,1956,-0.0005153261823872962,-0.04750436658687479,0.04750436658687479,0
PAR,>=2 fixes,JMA+JTWC,1957,0.0007183334663580493,-0.04926305882215741,0.04926305882215741,0
PAR,>=2 fixes,JMA+JTWC,1958,-0.006325018265316773,-0.050045238430544974,0.050045238430544974,0
PAR,>=2 fixes,JMA+JTWC,1959,-0.006818181818181818,-0.05162176520897827,0.05162176520897827,0
PAR,>=2 fixes,JMA+JTWC,1960,-0.007348901098901099,-0.0532418028467661,0.0532418028467661,0
PAR,>=2 fixes,JMA+JTWC,1961,-0.009456605222734255,-0.05502495597542824,0.05502495597542824,0
PAR,>=2 fixes,JMA+JTWC,1962,-0.00858704137392662,-0.05680675533618761,0.05680675533618761,0
PAR,>=2 fixes,JMA+JTWC,1963,-0.007615018508725542,-0.05887337135649586,0.05887337135649586,0
PAR,>=2 fixes,JMA+JTWC,1964,-0.013309252570158378,-0.06335063058528925,0.06335063058528925,0
PAR,>=2 fixes,JMA+JTWC,1965,-0.0002922267679719462,-0.06176113379690969,0.06176113379690969,0
PAR,>=2 fixes,JMA+JTWC,1966,0.003229874803900458,-0.06391529432055648,0.06391529432055648,0
PAR,>=2 fixes,JMA+JTWC,1967,0.0014907959554057559,-0.06664824424802221,0.06664824424802221,0
PAR,>=2 fixes,JMA+JTWC,1968,0.007347915242652085,-0.0699800639206221,0.0699800639206221,0
PAR,>=2 fixes,JMA+JTWC,1969,-0.0002886002886002886,-0.06943667821212766,0.06943667821212766,0
PAR,>=2 fixes,JMA+JTWC,1970,-0.0129979035639413,-0.06790246876600857,0.06790246876600857,0
PAR,>=2 fixes,JMA+JTWC,1971,-0.02064183196258668,-0.07349974925041758,0.07349974925041758,0
PAR,>=2 fixes,JMA+JTWC,1972,-0.006531204644412192,-0.07719902545164628,0.07719902545164628,0
PAR,>=2 fixes,JMA+JTWC,1973,-0.014208144796380091,-0.07760798875457442,0.07760798875457442,0
PAR,>=2 fixes,JMA+JTWC,1974,-0.025258103241296518,-0.08273183763845361,0.08273183763845361,0
PAR,>=2 fixes,JMA+JTWC,1975,-0.017244897959183672,-0.08705821853832736,0.08705821853832736,0
PAR,>=2 fixes,JMA+JTWC,1976,-0.02409900130264872,-0.08966441383885763,0.08966441383885763,0
PAR,>=2 fixes,JMA+JTWC,1977,-0.02902405180388529,-0.09171717252654395,0.09171717252654395,0
PAR,>=2 fixes,JMA+JTWC,1978,-0.04613012642614863,-0.09334989848790946,0.09334989848790946,0
PAR,>=2 fixes,JMA+JTWC,1979,-0.04729907773386034,-0.09850485117232782,0.09850485117232782,0
PAR,>=2 fixes,JMA+JTWC,1980,-0.03579985905567301,-0.10486653053351583,0.10486653053351583,0
PAR,>=2 fixes,JMA+JTWC,1981,-0.04575656901238297,-0.1076233983893812,0.1076233983893812,0
PAR,>=2 fixes,JMA+JTWC,1982,-0.053561299732598655,-0.11120821345655196,0.11120821345655196,0
PAR,>=2 fixes,JMA+JTWC,1983,-0.062369337979094074,-0.11706667981198088,0.11706667981198088,0
PAR,>=2 fixes,JMA+JTWC,1984,-0.06078799249530957,-0.12358694722467409,0.12358694722467409,0
PAR,>=2 fixes,JMA+JTWC,1985,-0.0708502024291498,-0.12937533133014031,0.12937533133014031,0
PAR,>=2 fixes,JMA+JTWC,1986,-0.07374986322354743,-0.1367721942809129,0.1367721942809129,0
PAR,>=2 fixes,JMA+JTWC,1987,-0.07230915125651968,-0.14529700847415178,0.14529700847415178,0
PAR,>=2 fixes,JMA+JTWC,1988,-0.08931788931788932,-0.1498594791497796,0.1498594791497796,0
PAR,>=2 fixes,JMA+JTWC,1989,-0.09887955182072829,-0.15791635652891733,0.15791635652891733,0
PAR,>=2 fixes,JMA+JTWC,1990,-0.10435446906035141,-0.1702875631917934,0.1702875631917934,0
PAR,>=2 fixes,JMA+JTWC,1991,-0.0875668449197861,-0.17845780759868576,0.17845780759868576,0
PAR,>=2 fixes,JMA+JTWC,1992,-0.08504398826979472,-0.1909632631418571,0.1909632631418571,0
PAR,>=2 fixes,JMA+JTWC,1993,-0.10080645161290322,-0.22413185050469597,0.22413185050469597,0
PAR,>=2 fixes,JMA+JTWC,1994,-0.05027808676307008,-0.19560667758220665,0.19560667758220665,0
PAR,>=2 fixes,JMA+JTWC,1995,-0.010344827586206896,-0.18665751911915227,0.18665751911915227,0
PAR,>=2 fixes,JMA+JTWC,1996,0.0150519978106185,-0.18950880477081408,0.18950880477081408,0
PAR,>=2 fixes,JMA+JTWC,1997,0.03785103785103785,-0.2078713755788649,0.2078713755788649,0
PAR,>=2 fixes,JMA+JTWC,1998,0.0105982905982906,-0.22323626856911388,0.22323626856911388,0
PAR,>=2 fixes,JMA+JTWC,1999,0.006153846153846154,-0.24345206290068777,0.24345206290068777,0
PAR,>=2 fixes,JMA+JTWC,2000,0.011304347826086957,-0.26476636782444984,0.26476636782444984,0
PAR,>=2 fixes,JTWC,1951,0.038288288288288286,-0.042517575296109215,0.042517575296109215,0
PAR,>=2 fixes,JTWC,1952,0.031625828027525886,-0.045103863236611794,0.045103863236611794,0
PAR,>=2 fixes,JTWC,1953,0.03883299798792757,-0.04533487390427001,0.04533487390427001,0
PAR,>=2 fixes,JTWC,1954,0.039174175487708865,-0.046733345856903155,0.046733345856903155,0
PAR,>=2 fixes,JTWC,1955,0.034380708805261236,-0.04687990672010506,0.04687990672010506,0
PAR,>=2 fixes,JTWC,1956,0.02910638622743062,-0.0484348314252179,0.0484348314252179,0
PAR,>=2 fixes,JTWC,1957,0.03144704286056349,-0.05032916131230729,0.05032916131230729,0
PAR,>=2 fixes,JTWC,1958,0.02557144348189124,-0.050421710628410464,0.050421710628410464,0
PAR,>=2 fixes,JTWC,1959,0.02054195804195804,-0.05181093253279374,0.05181093253279374,0
PAR,>=2 fixes,JTWC,1960,0.020947802197802196,-0.05347746583636273,0.05347746583636273,0
PAR,>=2 fixes,JTWC,1961,0.0198252688172043,-0.05506059670854256,0.05506059670854256,0
PAR,>=2 fixes,JTWC,1962,0.015386165042431569,-0.0567077628157776,0.0567077628157776,0
PAR,>=2 fixes,JTWC,1963,0.015388683236382867,-0.05863791393560439,0.05863791393560439,0
PAR,>=2 fixes,JTWC,1964,0.008585718255070852,-0.06259664697430661,0.06259664697430661,0
PAR,>=2 fixes,JTWC,1965,0.01858562244301578,-0.06273972142986571,0.06273972142986571,0
PAR,>=2 fixes,JTWC,1966,0.020548155895290535,-0.06522318843199951,0.06522318843199951,0
PAR,>=2 fixes,JTWC,1967,0.015167228415867255,-0.06768057395890632,0.06768057395890632,0
PAR,>=2 fixes,JTWC,1968,0.01695146958304853,-0.07075611257980365,0.07075611257980365,0
PAR,>=2 fixes,JTWC,1969,0.0067821067821067825,-0.06870813116277787,0.06870813116277787,0
PAR,>=2 fixes,JTWC,1970,-0.006670478368591576,-0.06731325119856754,0.06731325119856754,0
PAR,>=2 fixes,JTWC,1971,-0.012981777132720529,-0.07222081746255027,0.07222081746255027,0
PAR,>=2 fixes,JTWC,1972,0.00034150089643985313,-0.07520159214657833,0.07520159214657833,0
PAR,>=2 fixes,JTWC,1973,-0.0058823529411764705,-0.07575005722395428,0.07575005722395428,0
PAR,>=2 fixes,JTWC,1974,-0.02021608643457383,-0.08120463226599046,0.08120463226599046,0
PAR,>=2 fixes,JTWC,1975,-0.010816326530612244,-0.0849604775575655,0.0849604775575655,0
PAR,>=2 fixes,JTWC,1976,-0.0161202778983934,-0.0880683634531966,0.0880683634531966,0
PAR,>=2 fixes,JTWC,1977,-0.019310823311748382,-0.09090134365102512,0.09090134365102512,0
PAR,>=2 fixes,JTWC,1978,-0.03737280296022202,-0.09161766884170243,0.09161766884170243,0
PAR,>=2 fixes,JTWC,1979,-0.03965744400527009,-0.09649627314880298,0.09649627314880298,0
PAR,>=2 fixes,JTWC,1980,-0.03262861169837914,-0.10198884748937583,0.10198884748937583,0
PAR,>=2 fixes,JTWC,1981,-0.04107520386590154,-0.10478685191270921,0.10478685191270921,0
PAR,>=2 fixes,JTWC,1982,-0.05064419414958269,-0.10807332718783268,0.10807332718783268,0
PAR,>=2 fixes,JTWC,1983,-0.0578397212543554,-0.11410179306089338,0.11410179306089338,0
PAR,>=2 fixes,JTWC,1984,-0.054409005628517824,-0.12086904361190572,0.12086904361190572,0
PAR,>=2 fixes,JTWC,1985,-0.06639676113360324,-0.12362440511536635,0.12362440511536635,0
PAR,>=2 fixes,JTWC,1986,-0.08009629062260641,-0.12919504128493928,0.12919504128493928,0
PAR,>=2 fixes,JTWC,1987,-0.08226647700331911,-0.13610416262864664,0.13610416262864664,0
PAR,>=2 fixes,JTWC,1988,-0.09871299871299871,-0.13781101361565498,0.13781101361565498,0
PAR,>=2 fixes,JTWC,1989,-0.11764705882352941,-0.14294985770684426,0.14294985770684426,0
PAR,>=2 fixes,JTWC,1990,-0.12345301757066462,-0.15392626589453046,0.15392626589453046,0
PAR,>=2 fixes,JTWC,1991,-0.10695187165775401,-0.1611553736342104,0.1611553736342104,0
PAR,>=2 fixes,JTWC,1992,-0.10465542521994135,-0.17226556389566325,0.17226556389566325,0
PAR,>=2 fixes,JTWC,1993,-0.12056451612903225,-0.2001141475959129,0.2001141475959129,0
PAR,>=2 fixes,JTWC,1994,-0.07007786429365963,-0.1721023352091184,0.1721023352091184,0
PAR,>=2 fixes,JTWC,1995,-0.030049261083743842,-0.16220683267466562,0.16220683267466562,0
PAR,>=2 fixes,JTWC,1996,-0.004378762999452655,-0.16462250134389506,0.16462250134389506,0
PAR,>=2 fixes,JTWC,1997,0.018925518925518924,-0.17813070308170764,0.17813070308170764,0
PAR,>=2 fixes,JTWC,1998,-0.007521367521367521,-0.19093855677864774,0.19093855677864774,0
PAR,>=2 fixes,JTWC,1999,-0.010769230769230769,-0.2079957193423353,0.2079957193423353,0
PAR,>=2 fixes,JTWC,2000,-0.00391304347826087,-0.22522595144286806,0.22522595144286806,0
PAR,tropical nature,raw total,1951,-0.09987041836356905,-0.04721071953905474,0.04721071953905474,-
PAR,tropical nature,raw total,1952,-0.10608399253971317,-0.04799234065573783,0.04799234065573783,-
PAR,tropical nature,raw total,1953,-0.10425888665325285,-0.04932904316027622,0.04932904316027622,-
PAR,tropical nature,raw total,1954,-0.10711223864928703,-0.05065968222460562,0.05065968222460562,-
PAR,tropical nature,raw total,1955,-0.11136280599196201,-0.051919802679597594,0.051919802679597594,-
PAR,tropical nature,raw total,1956,-0.12243768370424095,-0.051843800313333036,0.051843800313333036,-
PAR,tropical nature,raw total,1957,-0.1140154840769415,-0.05312170245628615,0.05312170245628615,-
PAR,tropical nature,raw total,1958,-0.12562363010124203,-0.052327359353248094,0.052327359353248094,-
PAR,tropical nature,raw total,1959,-0.13094405594405595,-0.0536070176985646,0.0536070176985646,-
PAR,tropical nature,raw total,1960,-0.13807234432234433,-0.05467173372557031,0.05467173372557031,-
PAR,tropical nature,raw total,1961,-0.1410810291858679,-0.0563402203075152,0.0563402203075152,-
PAR,tropical nature,raw total,1962,-0.1298884440079575,-0.05665596446254178,0.05665596446254178,-
PAR,tropical nature,raw total,1963,-0.13209941829719726,-0.05850592094043643,0.05850592094043643,-
PAR,tropical nature,raw total,1964,-0.14448457904973605,-0.062541099340543,0.062541099340543,-
PAR,tropical nature,raw total,1965,-0.12635885447106954,-0.05951627180710632,0.05951627180710632,-
PAR,tropical nature,raw total,1966,-0.1242117567442862,-0.06161401158347915,0.06161401158347915,-
PAR,tropical nature,raw total,1967,-0.12535649468498833,-0.06426361152641129,0.06426361152641129,-
PAR,tropical nature,raw total,1968,-0.11469583048530417,-0.06748851771379757,0.06748851771379757,-
PAR,tropical nature,raw total,1969,-0.1227994227994228,-0.06886675637854141,0.06886675637854141,-
PAR,tropical nature,raw total,1970,-0.12529064227177436,-0.07249607295614047,0.07249607295614047,-
PAR,tropical nature,raw total,1971,-0.11256248992098049,-0.06644018801554079,0.06644018801554079,-
PAR,tropical nature,raw total,1972,-0.08900367113463672,-0.07078490530642335,0.07078490530642335,-
PAR,tropical nature,raw total,1973,-0.10235294117647059,-0.07101731244125745,0.07101731244125745,-
PAR,tropical nature,raw total,1974,-0.10487394957983193,-0.07482400319029138,0.07482400319029138,-
PAR,tropical nature,raw total,1975,-0.0946938775510204,-0.07861951390891693,0.07861951390891693,-
PAR,tropical nature,raw total,1976,-0.10155232305688233,-0.08134008873698564,0.08134008873698564,-
PAR,tropical nature,raw total,1977,-0.10349213691026828,-0.08452869879012366,0.08452869879012366,-
PAR,tropical nature,raw total,1978,-0.11409189022510022,-0.0893432019546874,0.0893432019546874,-
PAR,tropical nature,raw total,1979,-0.10764163372859024,-0.09087618155326402,0.09087618155326402,-
PAR,tropical nature,raw total,1980,-0.09041578576462297,-0.09349151055622647,0.09349151055622647,0
PAR,tropical nature,raw total,1981,-0.09362730292962851,-0.09804650023932808,0.09804650023932808,0
PAR,tropical nature,raw total,1982,-0.09350944007778948,-0.10293543058773719,0.10293543058773719,0
PAR,tropical nature,raw total,1983,-0.09668989547038327,-0.10893866053117711,0.10893866053117711,0
PAR,tropical nature,raw total,1984,-0.08846153846153847,-0.11577978295915611,0.11577978295915611,0
PAR,tropical nature,raw total,1985,-0.09878542510121457,-0.12284173354790878,0.12284173354790878,0
PAR,tropical nature,raw total,1986,-0.09333625123098807,-0.12872504310933705,0.12872504310933705,0
PAR,tropical nature,raw total,1987,-0.086533902323376,-0.1357171534512661,0.1357171534512661,0
PAR,tropical nature,raw total,1988,-0.08764478764478764,-0.14446828456605834,0.14446828456605834,0
PAR,tropical nature,raw total,1989,-0.07338935574229692,-0.1489768598218658,0.1489768598218658,0
PAR,tropical nature,raw total,1990,-0.0614209320091673,-0.15554710262911772,0.15554710262911772,0
PAR,tropical nature,raw total,1991,-0.05247326203208556,-0.1635888250355491,0.1635888250355491,0
PAR,tropical nature,raw total,1992,-0.04142228739002932,-0.17429543092256633,0.17429543092256633,0
PAR,tropical nature,raw total,1993,-0.04717741935483871,-0.19090711635672325,0.19090711635672325,0
PAR,tropical nature,raw total,1994,-0.012458286985539488,-0.17716028519730315,0.17716028519730315,0
PAR,tropical nature,raw total,1995,0.0374384236453202,-0.1774460997685192,0.1774460997685192,0
PAR,tropical nature,raw total,1996,0.03503010399562124,-0.19186207940069305,0.19186207940069305,0
PAR,tropical nature,raw total,1997,0.04884004884004884,-0.20974209667113547,0.20974209667113547,0
PAR,tropical nature,raw total,1998,0.019487179487179488,-0.21401471808509692,0.21401471808509692,0
PAR,tropical nature,raw total,1999,-0.01769230769230769,-0.2204352572924716,0.2204352572924716,0
PAR,tropical nature,raw total,2000,-0.043043478260869565,-0.24350419276262456,0.24350419276262456,0
PAR,tropical nature,all four,1951,-0.09206466740713316,-0.046123628612154764,0.046123628612154764,-
PAR,tropical nature,all four,1952,-0.0977715608720818,-0.04695121808376239,0.04695121808376239,-
PAR,tropical nature,all four,1953,-0.09661301140174379,-0.048285756195974056,0.048285756195974056,-
PAR,tropical nature,all four,1954,-0.10144344326830548,-0.04936766409740147,0.04936766409740147,-
PAR,tropical nature,all four,1955,-0.10529777128242601,-0.05062764638681895,0.05062764638681895,-
PAR,tropical nature,all four,1956,-0.11594839103714166,-0.05059795390855371,0.05059795390855371,-
PAR,tropical nature,all four,1957,-0.10707159390214702,-0.051069094970299656,0.051069094970299656,-
PAR,tropical nature,all four,1958,-0.11819225550568835,-0.050969576375626775,0.050969576375626775,-
PAR,tropical nature,all four,1959,-0.12298951048951048,-0.052268102879935906,0.052268102879935906,-
PAR,tropical nature,all four,1960,-0.12955586080586082,-0.05337519271275492,0.05337519271275492,-
PAR,tropical nature,all four,1961,-0.13196044546851,-0.05504084007581357,0.05504084007581357,-
PAR,tropical nature,all four,1962,-0.12011785147692075,-0.05508282891102878,0.05508282891102878,-
PAR,tropical nature,all four,1963,-0.1232681121099947,-0.05681494186116467,0.05681494186116467,-
PAR,tropical nature,all four,1964,-0.1350097249235899,-0.05927484097215111,0.05927484097215111,-
PAR,tropical nature,all four,1965,-0.1179427235534775,-0.05709657672428619,0.05709657672428619,-
PAR,tropical nature,all four,1966,-0.1169829893260328,-0.05915863027958272,0.05915863027958272,-
PAR,tropical nature,all four,1967,-0.11945812807881774,-0.06206868352839408,0.06206868352839408,-
PAR,tropical nature,all four,1968,-0.10833902939166097,-0.06501985622549789,0.06501985622549789,-
PAR,tropical nature,all four,1969,-0.11594516594516595,-0.06608747424683424,0.06608747424683424,-
PAR,tropical nature,all four,1970,-0.11999237659615018,-0.06978689017595004,0.06978689017595004,-
PAR,tropical nature,all four,1971,-0.1090146750524109,-0.0654342352216577,0.0654342352216577,-
PAR,tropical nature,all four,1972,-0.0874242294886024,-0.07003280097116289,0.07003280097116289,-
PAR,tropical nature,all four,1973,-0.10063348416289593,-0.07031438656362239,0.07031438656362239,-
PAR,tropical nature,all four,1974,-0.10300120048019208,-0.07408003163369127,0.07408003163369127,-
PAR,tropical nature,all four,1975,-0.0926530612244898,-0.07778707644608551,0.07778707644608551,-
PAR,tropical nature,all four,1976,-0.09932696482848459,-0.08053218876215493,0.08053218876215493,-
PAR,tropical nature,all four,1977,-0.10106382978723404,-0.08374261847491922,0.08374261847491922,-
PAR,tropical nature,all four,1978,-0.11144002466851681,-0.08861377743540869,0.08861377743540869,-
PAR,tropical nature,all four,1979,-0.10474308300395258,-0.09026127115399303,0.09026127115399303,-
PAR,tropical nature,all four,1980,-0.09041578576462297,-0.09349151055622647,0.09349151055622647,0
PAR,tropical nature,all four,1981,-0.09362730292962851,-0.09804650023932808,0.09804650023932808,0
PAR,tropical nature,all four,1982,-0.09350944007778948,-0.10293543058773719,0.10293543058773719,0
PAR,tropical nature,all four,1983,-0.09668989547038327,-0.10893866053117711,0.10893866053117711,0
PAR,tropical nature,all four,1984,-0.08846153846153847,-0.11577978295915611,0.11577978295915611,0
PAR,tropical nature,all four,1985,-0.09878542510121457,-0.12284173354790878,0.12284173354790878,0
PAR,tropical nature,all four,1986,-0.09333625123098807,-0.12872504310933705,0.12872504310933705,0
PAR,tropical nature,all four,1987,-0.086533902323376,-0.1357171534512661,0.1357171534512661,0
PAR,tropical nature,all four,1988,-0.08764478764478764,-0.14446828456605834,0.14446828456605834,0
PAR,tropical nature,all four,1989,-0.07338935574229692,-0.1489768598218658,0.1489768598218658,0
PAR,tropical nature,all four,1990,-0.0614209320091673,-0.15554710262911772,0.15554710262911772,0
PAR,tropical nature,all four,1991,-0.05247326203208556,-0.1635888250355491,0.1635888250355491,0
PAR,tropical nature,all four,1992,-0.04142228739002932,-0.17429543092256633,0.17429543092256633,0
PAR,tropical nature,all four,1993,-0.04717741935483871,-0.19090711635672325,0.19090711635672325,0
PAR,tropical nature,all four,1994,-0.012458286985539488,-0.17716028519730315,0.17716028519730315,0
PAR,tropical nature,all four,1995,0.0374384236453202,-0.1774460997685192,0.1774460997685192,0
PAR,tropical nature,all four,1996,0.03503010399562124,-0.19186207940069305,0.19186207940069305,0
PAR,tropical nature,all four,1997,0.04884004884004884,-0.20974209667113547,0.20974209667113547,0
PAR,tropical nature,all four,1998,0.019487179487179488,-0.21401471808509692,0.21401471808509692,0
PAR,tropical nature,all four,1999,-0.01769230769230769,-0.2204352572924716,0.2204352572924716,0
PAR,tropical nature,all four,2000,-0.043043478260869565,-0.24350419276262456,0.24350419276262456,0
PAR,tropical nature,JMA+JTWC+CMA,1951,-0.08820807108478342,-0.04452820845803512,0.04452820845803512,-
PAR,tropical nature,JMA+JTWC+CMA,1952,-0.09360730593607305,-0.0453457647542438,0.0453457647542438,-
PAR,tropical nature,JMA+JTWC+CMA,1953,-0.09211938296445339,-0.046620192736442745,0.046620192736442745,-
PAR,tropical nature,JMA+JTWC+CMA,1954,-0.09659697314320707,-0.04768987095992106,0.04768987095992106,-
PAR,tropical nature,JMA+JTWC+CMA,1955,-0.10007307270734381,-0.04893263445178449,0.04893263445178449,-
PAR,tropical nature,JMA+JTWC+CMA,1956,-0.11031797534068787,-0.04891847484701885,0.04891847484701885,-
PAR,tropical nature,JMA+JTWC+CMA,1957,-0.10100566685290127,-0.04952321343459093,0.04952321343459093,-
PAR,tropical nature,JMA+JTWC+CMA,1958,-0.11165849076296837,-0.04910885923356333,0.04910885923356333,-
PAR,tropical nature,JMA+JTWC+CMA,1959,-0.1159527972027972,-0.050401047241722875,0.050401047241722875,-
PAR,tropical nature,JMA+JTWC+CMA,1960,-0.12197802197802197,-0.05152074603095936,0.05152074603095936,-
PAR,tropical nature,JMA+JTWC+CMA,1961,-0.12379992319508448,-0.05315615521615397,0.05315615521615397,-
PAR,tropical nature,JMA+JTWC+CMA,1962,-0.11450227896552592,-0.05378660761640131,0.05378660761640131,-
PAR,tropical nature,JMA+JTWC+CMA,1963,-0.11882601797990482,-0.055359252926719144,0.055359252926719144,-
PAR,tropical nature,JMA+JTWC+CMA,1964,-0.13017504862461796,-0.058001798536670396,0.058001798536670396,-
PAR,tropical nature,JMA+JTWC+CMA,1965,-0.11618936294564582,-0.05765549846051251,0.05765549846051251,-
PAR,tropical nature,JMA+JTWC+CMA,1966,-0.11682918576394229,-0.05965978930752097,0.05965978930752097,-
PAR,tropical nature,JMA+JTWC+CMA,1967,-0.11919885921700804,-0.06261078290341503,0.06261078290341503,-
PAR,tropical nature,JMA+JTWC+CMA,1968,-0.10796308954203691,-0.06559556594037172,0.06559556594037172,-
PAR,tropical nature,JMA+JTWC+CMA,1969,-0.11544011544011544,-0.06672942528361725,0.06672942528361725,-
PAR,tropical nature,JMA+JTWC+CMA,1970,-0.11934438726891557,-0.07050206048863966,0.07050206048863966,-
PAR,tropical nature,JMA+JTWC+CMA,1971,-0.10820835349137235,-0.0659281399831679,0.0659281399831679,-
PAR,tropical nature,JMA+JTWC+CMA,1972,-0.08644241441133783,-0.07063843068936046,0.07063843068936046,-
PAR,tropical nature,JMA+JTWC+CMA,1973,-0.09945701357466064,-0.07106152339727334,0.07106152339727334,-
PAR,tropical nature,JMA+JTWC+CMA,1974,-0.10160864345738295,-0.07488626756822683,0.07488626756822683,-
PAR,tropical nature,JMA+JTWC+CMA,1975,-0.0910204081632653,-0.07861441754102777,0.07861441754102777,-
PAR,tropical nature,JMA+JTWC+CMA,1976,-0.09742726877985236,-0.08100594375257796,0.08100594375257796,-
PAR,tropical nature,JMA+JTWC+CMA,1977,-0.10164199814986125,-0.08348175412667015,0.08348175412667015,-
PAR,tropical nature,JMA+JTWC+CMA,1978,-0.11193339500462535,-0.0884190990198268,0.0884190990198268,-
PAR,tropical nature,JMA+JTWC+CMA,1979,-0.10513833992094862,-0.08995871494616943,0.08995871494616943,-
PAR,tropical nature,JMA+JTWC+CMA,1980,-0.09069767441860466,-0.09311946205805402,0.09311946205805402,0
PAR,tropical nature,JMA+JTWC+CMA,1981,-0.09377831470854726,-0.09767471802701139,0.09767471802701139,0
PAR,tropical nature,JMA+JTWC+CMA,1982,-0.09350944007778948,-0.10255380151014308,0.10255380151014308,0
PAR,tropical nature,JMA+JTWC+CMA,1983,-0.09651567944250872,-0.10855905301701319,0.10855905301701319,0
PAR,tropical nature,JMA+JTWC+CMA,1984,-0.08808630393996247,-0.1154080463001465,0.1154080463001465,0
PAR,tropical nature,JMA+JTWC+CMA,1985,-0.09817813765182186,-0.12154828342807296,0.12154828342807296,0
PAR,tropical nature,JMA+JTWC+CMA,1986,-0.09672830725462304,-0.1281989637921718,0.1281989637921718,0
PAR,tropical nature,JMA+JTWC+CMA,1987,-0.09009009009009009,-0.1352027849427712,0.1352027849427712,0
PAR,tropical nature,JMA+JTWC+CMA,1988,-0.09137709137709138,-0.14398907921117504,0.14398907921117504,0
PAR,tropical nature,JMA+JTWC+CMA,1989,-0.0773109243697479,-0.14852513779191037,0.14852513779191037,0
PAR,tropical nature,JMA+JTWC+CMA,1990,-0.06554621848739496,-0.15513090265496576,0.15513090265496576,0
PAR,tropical nature,JMA+JTWC+CMA,1991,-0.056818181818181816,-0.16321162675833883,0.16321162675833883,0
PAR,tropical nature,JMA+JTWC+CMA,1992,-0.04600439882697947,-0.1739773530795639,0.1739773530795639,0
PAR,tropical nature,JMA+JTWC+CMA,1993,-0.052016129032258066,-0.19083460925018803,0.19083460925018803,0
PAR,tropical nature,JMA+JTWC+CMA,1994,-0.017575083426028922,-0.1770064985508004,0.1770064985508004,0
PAR,tropical nature,JMA+JTWC+CMA,1995,0.03201970443349754,-0.1775893767692008,0.1775893767692008,0
PAR,tropical nature,JMA+JTWC+CMA,1996,0.02928297755883963,-0.1921023453263632,0.1921023453263632,0
PAR,tropical nature,JMA+JTWC+CMA,1997,0.042735042735042736,-0.21022097682884686,0.21022097682884686,0
PAR,tropical nature,JMA+JTWC+CMA,1998,0.012991452991452991,-0.21387806883827754,0.21387806883827754,0
PAR,tropical nature,JMA+JTWC+CMA,1999,-0.024615384615384615,-0.21963197144635524,0.21963197144635524,0
PAR,tropical nature,JMA+JTWC+CMA,2000,-0.050434782608695654,-0.24262138544471792,0.24262138544471792,0
PAR,tropical nature,JMA,1951,-0.032673084042947054,-0.038856143982311776,0.038856143982311776,0
PAR,tropical nature,JMA,1952,-0.036143803460029586,-0.03974896347758607,0.03974896347758607,0
PAR,tropical nature,JMA,1953,-0.03262910798122066,-0.040682768494848434,0.040682768494848434,0
PAR,tropical nature,JMA,1954,-0.033732831773248186,-0.041852760864821446,0.041852760864821446,0
PAR,tropical nature,JMA,1955,-0.037449762513701135,-0.042869464144074054,0.042869464144074054,0
PAR,tropical nature,JMA,1956,-0.04408901782646868,-0.043452703471681856,0.043452703471681856,-
PAR,tropical nature,JMA,1957,-0.04178306329315987,-0.04469874091884454,0.04469874091884454,0
PAR,tropical nature,JMA,1958,-0.04899279824652959,-0.04528396590338034,0.04528396590338034,-
PAR,tropical nature,JMA,1959,-0.04960664335664336,-0.0467080006387053,0.0467080006387053,-
PAR,tropical nature,JMA,1960,-0.05020604395604396,-0.0482010945088978,0.0482010945088978,-
PAR,tropical nature,JMA,1961,-0.0538594470046083,-0.04958180248058053,0.04958180248058053,-
PAR,tropical nature,JMA,1962,-0.053033164614338595,-0.051215650193405474,0.051215650193405474,-
PAR,tropical nature,JMA,1963,-0.05203595980962454,-0.05292837484946967,0.05292837484946967,0
PAR,tropical nature,JMA,1964,-0.0576271186440678,-0.05658080956416281,0.05658080956416281,-
PAR,tropical nature,JMA,1965,-0.040911747516072475,-0.05360516136905208,0.05360516136905208,0
PAR,tropical nature,JMA,1966,-0.038666215509551204,-0.055481238820313736,0.055481238820313736,0
PAR,tropical nature,JMA,1967,-0.039862587503240864,-0.0578224673234797,0.0578224673234797,0
PAR,tropical nature,JMA,1968,-0.03137388926862611,-0.05998015168500684,0.05998015168500684,0
PAR,tropical nature,JMA,1969,-0.036002886002886,-0.06090126471965874,0.06090126471965874,0
PAR,tropical nature,JMA,1970,-0.045283018867924525,-0.06147020444571267,0.06147020444571267,0
PAR,tropical nature,JMA,1971,-0.04902435091114336,-0.06602954603394295,0.06602954603394295,0
PAR,tropical nature,JMA,1972,-0.028216511568342866,-0.06895924624002531,0.06895924624002531,0
PAR,tropical nature,JMA,1973,-0.037737556561085975,-0.06874047528594585,0.06874047528594585,0
PAR,tropical nature,JMA,1974,-0.04590636254501801,-0.07393386065068572,0.07393386065068572,0
PAR,tropical nature,JMA,1975,-0.034591836734693876,-0.07835440974717787,0.07835440974717787,0
PAR,tropical nature,JMA,1976,-0.04298740772904907,-0.08096579628418665,0.08096579628418665,0
PAR,tropical nature,JMA,1977,-0.04405642923219241,-0.084442676720626,0.084442676720626,0
PAR,tropical nature,JMA,1978,-0.05673758865248227,-0.08627860344790683,0.08627860344790683,0
PAR,tropical nature,JMA,1979,-0.05889328063241107,-0.09163361372149872,0.09163361372149872,0
PAR,tropical nature,JMA,1980,-0.045313601127554615,-0.0983712804768606,0.0983712804768606,0
PAR,tropical nature,JMA,1981,-0.05617638175777711,-0.10194424318075396,0.10194424318075396,0
PAR,tropical nature,JMA,1982,-0.058017988817761934,-0.10720472326704454,0.10720472326704454,0
PAR,tropical nature,JMA,1983,-0.05627177700348432,-0.1125375519605542,0.1125375519605542,0
PAR,tropical nature,JMA,1984,-0.05018761726078799,-0.12034160729859314,0.12034160729859314,0
PAR,tropical nature,JMA,1985,-0.06315789473684211,-0.12548921812181976,0.12548921812181976,0
PAR,tropical nature,JMA,1986,-0.06521501258343364,-0.1336142994674882,0.1336142994674882,0
PAR,tropical nature,JMA,1987,-0.053816974869606446,-0.14155995723303616,0.14155995723303616,0
PAR,tropical nature,JMA,1988,-0.059202059202059204,-0.15149528955842065,0.15149528955842065,0
PAR,tropical nature,JMA,1989,-0.050140056022408966,-0.15821029871241,0.15821029871241,0
PAR,tropical nature,JMA,1990,-0.039113827349121465,-0.16557182250025948,0.16557182250025948,0
PAR,tropical nature,JMA,1991,-0.03141711229946524,-0.1737756366692497,0.1737756366692497,0
PAR,tropical nature,JMA,1992,-0.009897360703812317,-0.18212223478288406,0.18212223478288406,0
PAR,tropical nature,JMA,1993,-0.00967741935483871,-0.19774909824010353,0.19774909824010353,0
PAR,tropical nature,JMA,1994,0.02513904338153504,-0.1831096620679058,0.1831096620679058,0
PAR,tropical nature,JMA,1995,0.06748768472906404,-0.17846583951097822,0.17846583951097822,0
PAR,tropical nature,JMA,1996,0.07936507936507936,-0.18998161075341036,0.18998161075341036,0
PAR,tropical nature,JMA,1997,0.08485958485958486,-0.20535084459594144,0.20535084459594144,0
PAR,tropical nature,JMA,1998,0.07247863247863248,-0.2186172063315637,0.2186172063315637,0
PAR,tropical nature,JMA,1999,0.046153846153846156,-0.22992715158212296,0.22992715158212296,0
PAR,tropical nature,JMA,2000,0.023043478260869565,-0.249105090531597,0.249105090531597,0
PAR,tropical nature,JMA+JTWC,1951,-0.007034431691965938,-0.039543442375899594,0.039543442375899594,0
PAR,tropical nature,JMA+JTWC,1952,-0.0110618046176603,-0.040387137278443695,0.040387137278443695,0
PAR,tropical nature,JMA+JTWC,1953,-0.005767940979208585,-0.041075845038292896,0.041075845038292896,0
PAR,tropical nature,JMA+JTWC,1954,-0.006211180124223602,-0.042274522080321446,0.042274522080321446,0
PAR,tropical nature,JMA+JTWC,1955,-0.01052246985750822,-0.04322841747331357,0.04322841747331357,0
PAR,tropical nature,JMA+JTWC,1956,-0.015211665457876855,-0.04418219829803788,0.04418219829803788,0
PAR,tropical nature,JMA+JTWC,1957,-0.013528613616409928,-0.04549051088186806,0.04549051088186806,0
PAR,tropical nature,JMA+JTWC,1958,-0.021459137877048326,-0.04594703291244428,0.04594703291244428,0
PAR,tropical nature,JMA+JTWC,1959,-0.02145979020979021,-0.04739771237828316,0.04739771237828316,0
PAR,tropical nature,JMA+JTWC,1960,-0.022916666666666665,-0.048887446175317845,0.048887446175317845,0
PAR,tropical nature,JMA+JTWC,1961,-0.0244815668202765,-0.05044686590220319,0.05044686590220319,0
PAR,tropical nature,JMA+JTWC,1962,-0.022991110775351917,-0.05208853919136488,0.05208853919136488,0
PAR,tropical nature,JMA+JTWC,1963,-0.022950819672131147,-0.05384404728616683,0.05384404728616683,0
PAR,tropical nature,JMA+JTWC,1964,-0.02964712420116699,-0.05783298770438028,0.05783298770438028,0
PAR,tropical nature,JMA+JTWC,1965,-0.014202220923436587,-0.05535714447009337,0.05535714447009337,0
PAR,tropical nature,JMA+JTWC,1966,-0.01159678858162355,-0.05736820854801144,0.05736820854801144,0
PAR,tropical nature,JMA+JTWC,1967,-0.01432460461498574,-0.05997356559556766,0.05997356559556766,0
PAR,tropical nature,JMA+JTWC,1968,-0.007587149692412851,-0.06268745827860972,0.06268745827860972,0
PAR,tropical nature,JMA+JTWC,1969,-0.014213564213564213,-0.06262310921103412,0.06262310921103412,0
PAR,tropical nature,JMA+JTWC,1970,-0.02576710501238803,-0.06185793130547924,0.06185793130547924,0
PAR,tropical nature,JMA+JTWC,1971,-0.03209159812933398,-0.06706167853250748,0.06706167853250748,0
PAR,tropical nature,JMA+JTWC,1972,-0.014214974814308888,-0.07094377313408436,0.07094377313408436,0
PAR,tropical nature,JMA+JTWC,1973,-0.024705882352941175,-0.07021648459761905,0.07021648459761905,0
PAR,tropical nature,JMA+JTWC,1974,-0.03399759903961585,-0.0752626082355465,0.0752626082355465,0
PAR,tropical nature,JMA+JTWC,1975,-0.023979591836734693,-0.07839771867138831,0.07839771867138831,0
PAR,tropical nature,JMA+JTWC,1976,-0.028549717759444204,-0.08142909245588427,0.08142909245588427,0
PAR,tropical nature,JMA+JTWC,1977,-0.03087419056429232,-0.0843522773514752,0.0843522773514752,0
PAR,tropical nature,JMA+JTWC,1978,-0.04502004316990441,-0.08762720914406123,0.08762720914406123,0
PAR,tropical nature,JMA+JTWC,1979,-0.04281949934123847,-0.09128243294378335,0.09128243294378335,0
PAR,tropical nature,JMA+JTWC,1980,-0.0306553911205074,-0.09568977545882511,0.09568977545882511,0
PAR,tropical nature,JMA+JTWC,1981,-0.036544850498338874,-0.09932537573869847,0.09932537573869847,0
PAR,tropical nature,JMA+JTWC,1982,-0.04318936877076412,-0.10356883808202877,0.10356883808202877,0
PAR,tropical nature,JMA+JTWC,1983,-0.047038327526132406,-0.10926519533596003,0.10926519533596003,0
PAR,tropical nature,JMA+JTWC,1984,-0.04362101313320826,-0.11572068761589292,0.11572068761589292,0
PAR,tropical nature,JMA+JTWC,1985,-0.05566801619433198,-0.11908709186410686,0.11908709186410686,0
PAR,tropical nature,JMA+JTWC,1986,-0.06521501258343364,-0.12602844912694303,0.12602844912694303,0
PAR,tropical nature,JMA+JTWC,1987,-0.06258890469416785,-0.13360391213200568,0.13360391213200568,0
PAR,tropical nature,JMA+JTWC,1988,-0.0734877734877735,-0.14072893162033048,0.14072893162033048,0
PAR,tropical nature,JMA+JTWC,1989,-0.07591036414565826,-0.14951666884654807,0.14951666884654807,0
PAR,tropical nature,JMA+JTWC,1990,-0.07303284950343773,-0.15858670138336364,0.15858670138336364,0
PAR,tropical nature,JMA+JTWC,1991,-0.06918449197860962,-0.16821523543246217,0.16821523543246217,0
PAR,tropical nature,JMA+JTWC,1992,-0.058101173020527856,-0.17911945005021088,0.17911945005021088,0
PAR,tropical nature,JMA+JTWC,1993,-0.06370967741935483,-0.1965080505472129,0.1965080505472129,0
PAR,tropical nature,JMA+JTWC,1994,-0.028698553948832035,-0.1820176050764658,0.1820176050764658,0
PAR,tropical nature,JMA+JTWC,1995,0.02167487684729064,-0.18163211936110066,0.18163211936110066,0
PAR,tropical nature,JMA+JTWC,1996,0.019978106185002738,-0.19641113754706224,0.19641113754706224,0
PAR,tropical nature,JMA+JTWC,1997,0.0347985347985348,-0.21439748192720448,0.21439748192720448,0
PAR,tropical nature,JMA+JTWC,1998,0.006837606837606838,-0.22042703490703272,0.22042703490703272,0
PAR,tropical nature,JMA+JTWC,1999,-0.02846153846153846,-0.22563127786748025,0.22563127786748025,0
PAR,tropical nature,JMA+JTWC,2000,-0.06217391304347826,-0.2506449005201033,0.2506449005201033,0
PAR,tropical nature,JTWC,1951,0.01937553992348513,-0.0392107216594091,0.0392107216594091,0
PAR,tropical nature,JTWC,1952,0.012621390443115313,-0.04063844131840379,0.04063844131840379,0
PAR,tropical nature,JTWC,1953,0.019751844399731724,-0.040743446867107416,0.040743446867107416,0
PAR,tropical nature,JTWC,1954,0.020033242935876126,-0.04196522600120251,0.04196522600120251,0
PAR,tropical nature,JTWC,1955,0.015199123127511874,-0.04195245321382366,0.04195245321382366,0
PAR,tropical nature,JTWC,1956,0.009905714394778027,-0.043294240766032596,0.043294240766032596,0
PAR,tropical nature,JTWC,1957,0.012251576342884507,-0.04495099450283436,0.04495099450283436,0
PAR,tropical nature,JTWC,1958,0.006408516856278051,-0.0449021980792573,0.0449021980792573,0
PAR,tropical nature,JTWC,1959,0.0014423076923076924,-0.04610994313364825,0.04610994313364825,0
PAR,tropical nature,JTWC,1960,0.001945970695970696,-0.04758759256207737,0.04758759256207737,0
PAR,tropical nature,JTWC,1961,0.0009600614439324117,-0.04899020968829557,0.04899020968829557,0
PAR,tropical nature,JTWC,1962,-0.003298834076200549,-0.05046435500165196,0.05046435500165196,0
PAR,tropical nature,JTWC,1963,-0.003067160232681121,-0.052172841170950474,0.052172841170950474,0
PAR,tropical nature,JTWC,1964,-0.009585996110030564,-0.0556308641841797,0.0556308641841797,0
PAR,tropical nature,JTWC,1965,0.0007597895967270602,-0.055251489665314,0.055251489665314,0
PAR,tropical nature,JTWC,1966,0.0031375926666461595,-0.05740682280662162,0.05740682280662162,0
PAR,tropical nature,JTWC,1967,-0.0017500648172154524,-0.059632879183108445,0.059632879183108445,0
PAR,tropical nature,JTWC,1968,0.0006151742993848256,-0.0623246416544409,0.0623246416544409,0
PAR,tropical nature,JTWC,1969,-0.008874458874458875,-0.060555463877746435,0.060555463877746435,0
PAR,tropical nature,JTWC,1970,-0.021536115875738518,-0.06032450189908919,0.06032450189908919,0
PAR,tropical nature,JTWC,1971,-0.026931140138687307,-0.06401021687646875,0.06401021687646875,0
PAR,tropical nature,JTWC,1972,-0.010287714505250576,-0.06725421924650801,0.06725421924650801,0
PAR,tropical nature,JTWC,1973,-0.019819004524886878,-0.06585799215565823,0.06585799215565823,0
PAR,tropical nature,JTWC,1974,-0.03294117647058824,-0.07106483015392256,0.07106483015392256,0
PAR,tropical nature,JTWC,1975,-0.02214285714285714,-0.0736015511880156,0.0736015511880156,0
PAR,tropical nature,JTWC,1976,-0.025835866261398176,-0.07661744893069908,0.07661744893069908,0
PAR,tropical nature,JTWC,1977,-0.02717391304347826,-0.07962891244922865,0.07962891244922865,0
PAR,tropical nature,JTWC,1978,-0.04310823311748381,-0.0813453173051193,0.0813453173051193,0
PAR,tropical nature,JTWC,1979,-0.04295125164690382,-0.08521884117255007,0.08521884117255007,0
PAR,tropical nature,JTWC,1980,-0.03629316420014094,-0.08951401803607438,0.08951401803607438,0
PAR,tropical nature,JTWC,1981,-0.04183026276049532,-0.09296138208104615,0.09296138208104615,0
PAR,tropical nature,JTWC,1982,-0.04805121140912406,-0.09700189550239152,0.09700189550239152,0
PAR,tropical nature,JTWC,1983,-0.05139372822299652,-0.10235399406748592,0.10235399406748592,0
PAR,tropical nature,JTWC,1984,-0.0473733583489681,-0.10840342670537706,0.10840342670537706,0
PAR,tropical nature,JTWC,1985,-0.058704453441295545,-0.11174894478057816,0.11174894478057816,0
PAR,tropical nature,JTWC,1986,-0.06740343582448846,-0.11759962113064013,0.11759962113064013,0
PAR,tropical nature,JTWC,1987,-0.06827880512091039,-0.12412961215035871,0.12412961215035871,0
PAR,tropical nature,JTWC,1988,-0.07850707850707851,-0.12906536889413947,0.12906536889413947,0
PAR,tropical nature,JTWC,1989,-0.09019607843137255,-0.13707615537800716,0.13707615537800716,0
PAR,tropical nature,JTWC,1990,-0.08754774637127578,-0.14537809967950205,0.14537809967950205,0
PAR,tropical nature,JTWC,1991,-0.0838903743315508,-0.15415233686321075,0.15415233686321075,0
PAR,tropical nature,JTWC,1992,-0.07294721407624634,-0.16405950364473865,0.16405950364473865,0
PAR,tropical nature,JTWC,1993,-0.07862903225806452,-0.17975174586428677,0.17975174586428677,0
PAR,tropical nature,JTWC,1994,-0.04360400444938821,-0.16402269204873027,0.16402269204873027,0
PAR,tropical nature,JTWC,1995,0.006896551724137931,-0.1613491962043649,0.1613491962043649,0
PAR,tropical nature,JTWC,1996,0.005473453749315818,-0.17433192934185257,0.17433192934185257,0
PAR,tropical nature,JTWC,1997,0.020757020757020756,-0.1899648072896971,0.1899648072896971,0
PAR,tropical nature,JTWC,1998,-0.006495726495726496,-0.1945363937719445,0.1945363937719445,0
PAR,tropical nature,JTWC,1999,-0.040769230769230766,-0.20515646061507573,0.20515646061507573,0
PAR,tropical nature,JTWC,2000,-0.07304347826086957,-0.22042653196033568,0.22042653196033568,0
